Workbook

Sheet RATIOS
A1: RATIO AFLUENCIA/AFORO
C3: P2K | G3: PSP | K3: PRG | O3: PSI | S3: CBA | W3: PV | AA3: PLP
C4: 2024 | D4: 2025 | E4: 2026 | F4: DIF | G4: 2024 | H4: 2025 | I4: 2026 | J4: DIF | K4: 2024 | L4: 2025 | M4: 2026 | N4: DIF | O4: 2024 | P4: 2025 | Q4: 2026 | R4: DIF | S4: 2024 | T4: 2025 | U4: 2026 | V4: DIF | W4: 2024 | X4: 2025 | Y4: 2026 | Z4: DIF | AA4: 2024 | AB4: 2025 | AC4: 2026 | AD4: DIF
A6: ENE | C6: =(MENSUAL!$H$6/'[1]MENSUAL-2024'!$D$6) -> 2.7780385 | D6: =MENSUAL!$I$6/'[1]MENSUAL-2024'!$E$6 -> 2.8735858 | E6: =+MENSUAL!J6/AFORO!F6 -> 3.1739537 | F6: =E6/D6-1 -> 0.10452722 | G6: =MENSUAL!$P$6/'[1]MENSUAL-2024'!$I$6 -> 1.0981989 | H6: =MENSUAL!$Q$6/'[1]MENSUAL-2024'!$J$6 -> 1.1495867 | I6: =+MENSUAL!R6/AFORO!L6 -> 1.313595 | J6: =I6/H6-1 -> 0.14266726 | K6: =MENSUAL!$X$6/'[1]MENSUAL-2024'!$N$6 -> 1.5068248 | L6: =MENSUAL!$Y$6/'[1]MENSUAL-2024'!$O$6 -> 1.9332573 | M6: =+MENSUAL!Z6/AFORO!R6 -> 1.5910389 | N6: =M6/L6-1 -> -0.17701649 | O6: =MENSUAL!$AF$6/'[1]MENSUAL-2024'!$X$6 -> 2.1438661 | P6: =MENSUAL!$AG$6/'[1]MENSUAL-2024'!$Y$6 -> 2.2655373 | Q6: =+MENSUAL!AH6/AFORO!AD6 -> 2.2176081 | R6: =Q6/P6-1 -> -0.021155776 | S6: =MENSUAL!$AM$6/'[1]MENSUAL-2024'!$AL$6 -> 3.1354664 | T6: =MENSUAL!$AN$6/'[1]MENSUAL-2024'!$AM$6 -> 3.3668127 | U6: =+MENSUAL!AO6/AFORO!AT6 -> 3.4446051 | V6: =U6/T6-1 -> 0.023105664 | W6: =MENSUAL!$AS$6/'[1]MENSUAL-2024'!$AQ$6 -> 1.705609 | X6: =MENSUAL!$AT$6/'[1]MENSUAL-2024'!$AR$6 -> 1.8352373 | Y6: =+MENSUAL!AU6/AFORO!AZ6 -> 2.0982848 | Z6: =Y6/X6-1 -> 0.14333156 | AA6: =MENSUAL!$BA$6/'[1]MENSUAL-2024'!$AV$6 -> 0.81230924 | AB6: =MENSUAL!$BB$6/'[1]MENSUAL-2024'!$AW$6 -> 0.92754009 | AC6: =+MENSUAL!BC6/AFORO!BF6 -> 0.88054874 | AD6: =AC6/AB6-1 -> -0.050662333
A7: FEB | C7: =(MENSUAL!$H$7/'[1]MENSUAL-2024'!$D$7) -> 2.6823571 | D7: =MENSUAL!$I$7/'[1]MENSUAL-2024'!$E$7 -> 3.1238057 | F7: =D7/C7-1 -> 0.16457486 | G7: =MENSUAL!$P$7/'[1]MENSUAL-2024'!$I$7 -> 1.0304674 | H7: =MENSUAL!$Q$7/'[1]MENSUAL-2024'!$J$7 -> 1.1340138 | J7: =H7/G7-1 -> 0.1004849 | K7: =MENSUAL!$X$7/'[1]MENSUAL-2024'!$N$7 -> 1.5206705 | L7: =MENSUAL!$Y$7/'[1]MENSUAL-2024'!$O$7 -> 1.9402605 | N7: =L7/K7-1 -> 0.27592435 | O7: =MENSUAL!$AF$7/'[1]MENSUAL-2024'!$X$7 -> 2.0693856 | P7: =MENSUAL!$AG$7/'[1]MENSUAL-2024'!$Y$7 -> 2.2441029 | R7: =P7/O7-1 -> 0.08442953 | S7: =MENSUAL!$AM$7/'[1]MENSUAL-2024'!$AL$7 -> 3.0047558 | T7: =MENSUAL!$AN$7/'[1]MENSUAL-2024'!$AM$7 -> 3.4026405 | V7: =T7/S7-1 -> 0.13241831 | W7: =MENSUAL!$AS$7/'[1]MENSUAL-2024'!$AQ$7 -> 1.6250605 | X7: =MENSUAL!$AT$7/'[1]MENSUAL-2024'!$AR$7 -> 1.8937259 | Z7: =X7/W7-1 -> 0.16532637 | AA7: =MENSUAL!$BA$7/'[1]MENSUAL-2024'!$AV$7 -> 1.0273944 | AB7: =MENSUAL!$BB$7/'[1]MENSUAL-2024'!$AW$7 -> 0.80901618 | AD7: =AB7/AA7-1 -> -0.21255538
A8: MAR | C8: =MENSUAL!$H$8/'[1]MENSUAL-2024'!$D$8 -> 2.6757449 | D8: =MENSUAL!I8/AFORO!E8 -> 3.0169947 | F8: =D8/C8-1 -> 0.12753447 | G8: =MENSUAL!$P$8/'[1]MENSUAL-2024'!$I$8 -> 1.165263 | H8: =MENSUAL!Q8/AFORO!K8 -> 1.1446136 | J8: =H8/G8-1 -> -0.017720779 | K8: =MENSUAL!$X$8/'[1]MENSUAL-2024'!$N$8 -> 1.5743067 | L8: =MENSUAL!Y8/AFORO!Q8 -> 1.6883697 | N8: =L8/K8-1 -> 0.072452811 | O8: =MENSUAL!$AF$8/'[1]MENSUAL-2024'!$X$8 -> 2.1880271 | P8: =MENSUAL!AG8/AFORO!AC8 -> 2.2337073 | R8: =P8/O8-1 -> 0.020877362 | S8: =MENSUAL!$AM$8/'[1]MENSUAL-2024'!$AL$8 -> 3.1900682 | T8: =MENSUAL!AN8/AFORO!AS8 -> 3.4627397 | V8: =T8/S8-1 -> 0.085475138 | W8: =MENSUAL!$AS$8/'[1]MENSUAL-2024'!$AQ$8 -> 1.8773154 | X8: =MENSUAL!AT8/AFORO!AY8 -> 2.0671164 | Z8: =X8/W8-1 -> 0.10110239 | AA8: =MENSUAL!$BA$8/'[1]MENSUAL-2024'!$AV$8 -> 1.117771 | AB8: =MENSUAL!BB8/AFORO!BE8 -> 0.97608151 | AD8: =AB8/AA8-1 -> -0.12676076
A9: ABR | C9: =MENSUAL!$H$9/'[1]MENSUAL-2024'!$D$9 -> 2.7491254 | D9: =MENSUAL!I9/AFORO!E9 -> 3.2902019 | F9: =D9/C9-1 -> 0.19681768 | G9: =MENSUAL!$P$9/'[1]MENSUAL-2024'!$I$9 -> 1.06028 | H9: =MENSUAL!Q9/AFORO!K9 -> 1.2666047 | J9: =H9/G9-1 -> 0.1945946 | K9: =MENSUAL!$X$9/'[1]MENSUAL-2024'!$N$9 -> 1.5417966 | L9: =MENSUAL!Y9/AFORO!Q9 -> 1.9981712 | N9: =L9/K9-1 -> 0.29600185 | O9: =MENSUAL!$AF$9/'[1]MENSUAL-2024'!$X$9 -> 2.0888667 | P9: =MENSUAL!AG9/AFORO!AC9 -> 2.3099527 | R9: =P9/O9-1 -> 0.10584014 | S9: =MENSUAL!$AM$9/'[1]MENSUAL-2024'!$AL$9 -> 3.0249723 | T9: =MENSUAL!AN9/AFORO!AS9 -> 3.5237853 | V9: =T9/S9-1 -> 0.16489838 | W9: =MENSUAL!$AS$9/'[1]MENSUAL-2024'!$AQ$9 -> 1.789389 | X9: =MENSUAL!AT9/AFORO!AY9 -> 2.0144171 | Z9: =X9/W9-1 -> 0.12575695 | AA9: =MENSUAL!$BA$9/'[1]MENSUAL-2024'!$AV$9 -> 1.2291999 | AB9: =MENSUAL!BB9/AFORO!BE9 -> 1.0313924 | AD9: =AB9/AA9-1 -> -0.16092384
A10: MAY | C10: =MENSUAL!$H$10/'[1]MENSUAL-2024'!$D$10 -> 2.7030321 | D10: =MENSUAL!I10/AFORO!E10 -> 2.7071137 | F10: =D10/C10-1 -> 0.0015100251 | G10: =MENSUAL!$P$10/'[1]MENSUAL-2024'!$I$10 -> 1.0493193 | H10: =MENSUAL!Q10/AFORO!K10 -> 1.2908736 | J10: =H10/G10-1 -> 0.23020088 | K10: =MENSUAL!$X$10/'[1]MENSUAL-2024'!$N$10 -> 1.5461314 | L10: =MENSUAL!Y10/AFORO!Q10 -> 1.7683979 | N10: =L10/K10-1 -> 0.14375659 | O10: =MENSUAL!$AF$10/'[1]MENSUAL-2024'!$X$10 -> 2.1302378 | P10: =MENSUAL!AG10/AFORO!AC10 -> 2.2929428 | R10: =P10/O10-1 -> 0.076378821 | S10: =MENSUAL!$AM$10/'[1]MENSUAL-2024'!$AL$10 -> 2.9169726 | T10: =MENSUAL!AN10/AFORO!AS10 -> 3.3195747 | V10: =T10/S10-1 -> 0.1380205 | W10: =MENSUAL!$AS$10/'[1]MENSUAL-2024'!$AQ$10 -> 1.7244302 | X10: =MENSUAL!AT10/AFORO!AY10 -> 1.9797484 | Z10: =X10/W10-1 -> 0.14805948 | AA10: =MENSUAL!$BA$10/'[1]MENSUAL-2024'!$AV$10 -> 1.2592012 | AB10: =MENSUAL!BB10/AFORO!BE10 -> 0.98409918 | AD10: =AB10/AA10-1 -> -0.21847347
A11: JUN | C11: =MENSUAL!$H$11/'[1]MENSUAL-2024'!$D$11 -> 2.787661 | D11: =MENSUAL!I11/AFORO!E11 -> 2.9251827 | F11: =D11/C11-1 -> 0.049332288 | G11: =MENSUAL!$P$11/'[1]MENSUAL-2024'!$I$11 -> 1.1815229 | H11: =MENSUAL!Q11/AFORO!K11 -> 1.3002543 | J11: =H11/G11-1 -> 0.10049008 | K11: =MENSUAL!$X$11/'[1]MENSUAL-2024'!$N$11 -> 1.6986125 | L11: =MENSUAL!Y11/AFORO!Q11 -> 1.563779 | N11: =L11/K11-1 -> -0.079378588 | O11: =MENSUAL!$AF$11/'[1]MENSUAL-2024'!$X$11 -> 2.2865388 | P11: =MENSUAL!AG11/AFORO!AC11 -> 2.2527884 | R11: =P11/O11-1 -> -0.014760475 | S11: =MENSUAL!$AM$11/'[1]MENSUAL-2024'!$AL$11 -> 2.9347264 | T11: =MENSUAL!AN11/AFORO!AS11 -> 3.318187 | V11: =T11/S11-1 -> 0.13066317 | W11: =MENSUAL!$AS$11/'[1]MENSUAL-2024'!$AQ$11 -> 1.8141248 | X11: =MENSUAL!AT11/AFORO!AY11 -> 1.9911495 | Z11: =X11/W11-1 -> 0.097581321 | AA11: =MENSUAL!$BA$11/'[1]MENSUAL-2024'!$AV$11 -> 1.1489434 | AB11: =MENSUAL!BB11/AFORO!BE11 -> 1.0303691 | AD11: =AB11/AA11-1 -> -0.10320288
A12: JUL | C12: =MENSUAL!$H$12/'[1]MENSUAL-2024'!$D$12 -> 2.6571551 | D12: =MENSUAL!I12/AFORO!E12 -> 2.8466892 | F12: =D12/C12-1 -> 0.071329722 | G12: =MENSUAL!$P$12/'[1]MENSUAL-2024'!$I$12 -> 1.1695498 | H12: =MENSUAL!Q12/AFORO!K12 -> 1.3485234 | J12: =H12/G12-1 -> 0.15302776 | K12: =MENSUAL!$X$12/'[1]MENSUAL-2024'!$N$12 -> 1.6378655 | L12: =MENSUAL!Y12/AFORO!Q12 -> 1.6251929 | N12: =L12/K12-1 -> -0.0077372385 | O12: =MENSUAL!$AF$12/'[1]MENSUAL-2024'!$X$12 -> 2.899696 | P12: =MENSUAL!AG12/AFORO!AC12 -> 2.3444732 | R12: =P12/O12-1 -> -0.19147624 | S12: =MENSUAL!$AM$12/'[1]MENSUAL-2024'!$AL$12 -> 3.0067047 | T12: =MENSUAL!AN12/AFORO!AS12 -> 3.4788031 | V12: =T12/S12-1 -> 0.15701523 | W12: =MENSUAL!$AS$12/'[1]MENSUAL-2024'!$AQ$12 -> 1.8863506 | X12: =MENSUAL!AT12/AFORO!AY12 -> 2.0003235 | Z12: =X12/W12-1 -> 0.060419796 | AA12: =MENSUAL!$BA$12/'[1]MENSUAL-2024'!$AV$12 -> 0.94272457 | AB12: =MENSUAL!BB12/AFORO!BE12 -> 0.97803239 | AD12: =AB12/AA12-1 -> 0.037452953
A13: AGO | C13: =MENSUAL!$H$13/'[1]MENSUAL-2024'!$D$14 -> 2.932543 | D13: =MENSUAL!I13/AFORO!E13 -> 2.9638473 | F13: =D13/C13-1 -> 0.010674818 | G13: =MENSUAL!$P$13/'[1]MENSUAL-2024'!$I$13 -> 1.1851075 | H13: =MENSUAL!Q13/AFORO!K13 -> 1.3101684 | J13: =H13/G13-1 -> 0.10552703 | K13: =MENSUAL!$X$13/'[1]MENSUAL-2024'!$N$13 -> 1.6160784 | L13: =MENSUAL!Y13/AFORO!Q13 -> 1.6882075 | N13: =L13/K13-1 -> 0.044632151 | O13: =MENSUAL!$AF$13/'[1]MENSUAL-2024'!$X$13 -> 2.3241897 | P13: =MENSUAL!AG13/AFORO!AC13 -> 2.3945898 | R13: =P13/O13-1 -> 0.030290158 | S13: =MENSUAL!$AM$13/'[1]MENSUAL-2024'!$AL$13 -> 3.018169 | T13: =MENSUAL!AN13/AFORO!AS13 -> 3.5783939 | V13: =T13/S13-1 -> 0.18561746 | W13: =MENSUAL!$AS$13/'[1]MENSUAL-2024'!$AQ$13 -> 1.8057265 | X13: =MENSUAL!AT13/AFORO!AY13 -> 2.0064226 | Z13: =X13/W13-1 -> 0.11114426 | AA13: =MENSUAL!$BA$13/'[1]MENSUAL-2024'!$AV$13 -> 1.2211084 | AB13: =MENSUAL!BB13/AFORO!BE13 -> 0.9530729 | AD13: =AB13/AA13-1 -> -0.21950183
A14: SEP | C14: =MENSUAL!$H$14/'[1]MENSUAL-2024'!$D$14 -> 2.6660735 | D14: =MENSUAL!I14/AFORO!E14 -> 2.8438276 | F14: =D14/C14-1 -> 0.066672629 | G14: =MENSUAL!$P$14/'[1]MENSUAL-2024'!$I$14 -> 1.109726 | H14: =MENSUAL!Q14/AFORO!K14 -> 1.1759995 | J14: =H14/G14-1 -> 0.059720585 | K14: =MENSUAL!$X$14/'[1]MENSUAL-2024'!$N$14 -> 1.7229801 | L14: =MENSUAL!Y14/AFORO!Q14 -> 1.5782449 | N14: =L14/K14-1 -> -0.084002813 | O14: =MENSUAL!$AF$14/'[1]MENSUAL-2024'!$X$14 -> 2.2209218 | P14: =MENSUAL!AG14/AFORO!AC14 -> 2.2584476 | R14: =P14/O14-1 -> 0.016896514 | S14: =MENSUAL!$AM$14/'[1]MENSUAL-2024'!$AL$14 -> 3.2453252 | T14: =MENSUAL!AN14/AFORO!AS14 -> 3.3775288 | V14: =T14/S14-1 -> 0.040736632 | W14: =MENSUAL!$AS$14/'[1]MENSUAL-2024'!$AQ$14 -> 1.8316138 | X14: =MENSUAL!AT14/AFORO!AY14 -> 1.9218014 | Z14: =X14/W14-1 -> 0.049239431 | AA14: =MENSUAL!$BA$14/'[1]MENSUAL-2024'!$AV$14 -> 1.0871905 | AB14: =MENSUAL!BB14/AFORO!BE14 -> 0.93556926 | AD14: =AB14/AA14-1 -> -0.13946151
A15: OCT | C15: =MENSUAL!$H$15/'[1]MENSUAL-2024'!$D$15 -> 2.7062841 | D15: =MENSUAL!I15/AFORO!E15 -> 2.9580996 | F15: =D15/C15-1 -> 0.09304845 | G15: =MENSUAL!$P$15/'[1]MENSUAL-2024'!$I$15 -> 1.0432223 | H15: =MENSUAL!Q15/AFORO!K15 -> 1.0924357 | J15: =H15/G15-1 -> 0.047174368 | K15: =MENSUAL!$X$15/'[1]MENSUAL-2024'!$N$15 -> 1.8129288 | L15: =MENSUAL!Y15/AFORO!Q15 -> 1.6006642 | N15: =L15/K15-1 -> -0.11708378 | O15: =MENSUAL!$AF$15/'[1]MENSUAL-2024'!$X$15 -> 2.2095707 | P15: =MENSUAL!AG15/AFORO!AC15 -> 2.2851388 | R15: =P15/O15-1 -> 0.034200364 | S15: =MENSUAL!$AM$15/'[1]MENSUAL-2024'!$AL$15 -> 3.2632762 | T15: =MENSUAL!AN15/AFORO!AS15 -> 3.3984458 | V15: =T15/S15-1 -> 0.041421459 | W15: =MENSUAL!$AS$15/'[1]MENSUAL-2024'!$AQ$15 -> 1.8836337 | X15: =MENSUAL!AT15/AFORO!AY15 -> 1.9120056 | Z15: =X15/W15-1 -> 0.015062288 | AA15: =MENSUAL!$BA$15/'[1]MENSUAL-2024'!$AV$15 -> 1.094872 | AB15: =MENSUAL!BB15/AFORO!BE15 -> 0.87440514 | AD15: =AB15/AA15-1 -> -0.2013631
A16: NOV | C16: =MENSUAL!$H$16/'[1]MENSUAL-2024'!$D$16 -> 3.0268557 | D16: =MENSUAL!I16/AFORO!E16 -> 2.9147515 | F16: =D16/C16-1 -> -0.037036536 | G16: =MENSUAL!$P$16/'[1]MENSUAL-2024'!$I$16 -> 1.1436608 | H16: =MENSUAL!Q16/AFORO!K16 -> 1.1536919 | J16: =H16/G16-1 -> 0.0087710497 | K16: =MENSUAL!$X$16/'[1]MENSUAL-2024'!$N$16 -> 1.7208682 | L16: =MENSUAL!Y16/AFORO!Q16 -> 1.6544535 | N16: =L16/K16-1 -> -0.038593745 | O16: =MENSUAL!$AF$16/'[1]MENSUAL-2024'!$X$16 -> 2.3186709 | P16: =MENSUAL!AG16/AFORO!AC16 -> 2.5543829 | R16: =P16/O16-1 -> 0.10165824 | S16: =MENSUAL!$AM$16/'[1]MENSUAL-2024'!$AL$16 -> 3.4958065 | T16: =MENSUAL!AN16/AFORO!AS16 -> 3.5950588 | V16: =T16/S16-1 -> 0.028391818 | W16: =MENSUAL!$AS$16/'[1]MENSUAL-2024'!$AQ$16 -> 1.8463398 | X16: =MENSUAL!AT16/AFORO!AY16 -> 2.0025941 | Z16: =X16/W16-1 -> 0.084629236 | AA16: =MENSUAL!$BA$16/'[1]MENSUAL-2024'!$AV$16 -> 0.95253934 | AB16: =MENSUAL!BB16/AFORO!BE16 -> 0.88865629 | AD16: =AB16/AA16-1 -> -0.067066048
A17: DIC | C17: =MENSUAL!$H$17/'[1]MENSUAL-2024'!$D$17 -> 3.140462 | D17: =MENSUAL!I17/AFORO!E17 -> 3.3962103 | F17: =D17/C17-1 -> 0.081436553 | G17: =MENSUAL!$P$17/'[1]MENSUAL-2024'!$I$17 -> 1.2600062 | H17: =MENSUAL!Q17/AFORO!K17 -> 1.3274247 | J17: =H17/G17-1 -> 0.053506465 | K17: =MENSUAL!$X$17/'[1]MENSUAL-2024'!$N$17 -> 1.8430838 | L17: =MENSUAL!Y17/AFORO!Q17 -> 1.7466339 | N17: =L17/K17-1 -> -0.052330674 | O17: =MENSUAL!$AF$17/'[1]MENSUAL-2024'!$X$17 -> 2.5100323 | P17: =MENSUAL!AG17/AFORO!AC17 -> 2.3417068 | R17: =P17/O17-1 -> -0.067061111 | S17: =MENSUAL!$AM$17/'[1]MENSUAL-2024'!$AL$17 -> 3.53438 | T17: =MENSUAL!AN17/AFORO!AS17 -> 3.5727523 | V17: =T17/S17-1 -> 0.010856871 | W17: =MENSUAL!$AS$17/'[1]MENSUAL-2024'!$AQ$17 -> 1.9875725 | X17: =MENSUAL!AT17/AFORO!AY17 -> 2.1748499 | Z17: =X17/W17-1 -> 0.094224202 | AA17: =MENSUAL!$BA$17/'[1]MENSUAL-2024'!$AV$17 -> 1.0652892 | AB17: =MENSUAL!BB17/AFORO!BE17 -> 0.96426873 | AD17: =AB17/AA17-1 -> -0.094829114
A18: Prom U12M | C18: 2.98 | D18: 2.99 | G18: 1.21 | H18: 1.22 | K18: 1.77 | L18: 1.77 | O18: 2.3 | P18: 2.3 | S18: 3.43 | T18: 3.43 | W18: 1.95 | X18: 1.95 | AA18: 0.98 | AB18: 0.98

Sheet SEMANAL-2026
B1: AFLUENCIA PLAZAS
B3: FECHA | C3: SEM | D3: P2K | I3: PSP | N3: PRG | S3: PSI | X3: CBA | AC3: PV | AH3: PLP | AM3: SUMA
D4: 2023 | E4: 2024 | F4: 2025 | G4: 2026 | H4: %Dif | I4: 2023 | J4: 2024 | K4: 2025 | L4: 2026 | M4: %Dif | N4: 2023 | O4: 2024 | P4: 2025 | Q4: 2026 | R4: %Dif | S4: 2023 | T4: 2024 | U4: 2025 | V4: 2026 | W4: %Dif | X4: 2023 | Y4: 2024 | Z4: 2025 | AA4: 2026 | AB4: %Dif | AC4: 2023 | AD4: 2024 | AE4: 2025 | AF4: 2026 | AG4: %Dif | AH4: 2023 | AI4: 2024 | AJ4: 2025 | AK4: 2026 | AL4: %Dif | AM4: 2023 | AN4: 2024 | AO4: 2025 | AP4: 2026 | AQ4: %Dif S.A.
B6: 46026 | C6: 1 | D6: 167896 | E6: 156713 | F6: 178990 | G6: 180807 | H6: =G6/F6-1 -> 0.010151405 | I6: 60260 | J6: 52568 | K6: 60929 | L6: 63348 | M6: =L6/K6-1 -> 0.039701948 | N6: 70982 | O6: 64851 | P6: 75352 | Q6: 65955 | R6: =Q6/P6-1 -> -0.12470804 | S6: 50247 | T6: 53269 | U6: 55379 | V6: 50662 | W6: =V6/U6-1 -> -0.085176692 | X6: 87311 | Y6: 99648 | Z6: 111930 | AA6: 123601 | AB6: =AA6/Z6-1 -> 0.10427053 | AC6: 41218 | AD6: 42258 | AE6: 50572 | AF6: 45373 | AG6: =AF6/AE6-1 -> -0.10280392 | AH6: 39524 | AI6: 40129 | AJ6: 36900 | AK6: 35281 | AL6: =AK6/AJ6-1 -> -0.043875339 | AM6: =D6+I6+N6+S6+X6+AC6+AH6 -> 517438 | AN6: =E6+J6+O6+T6+Y6+AD6+AI6 -> 509436 | AO6: =F6+K6+P6+U6+Z6+AE6+AJ6 -> 570052 | AP6: =G6+L6+Q6+V6+AA6+AF6+AK6 -> 565027 | AQ6: =AP6/AO6-1 -> -0.0088149853
B7: 46033 | C7: 2 | D7: 182118 | E7: 163645 | F7: 172033 | G7: 167972 | H7: =G7/F7-1 -> -0.023605936 | I7: 56811 | J7: 50737 | K7: 53401 | L7: 58801 | M7: =L7/K7-1 -> 0.1011217 | N7: 68752 | O7: 70867 | P7: 67435 | Q7: 63093 | R7: =Q7/P7-1 -> -0.064387929 | S7: 54534 | T7: 53623 | U7: 47649 | V7: 46077 | W7: =V7/U7-1 -> -0.032991249 | X7: 101582 | Y7: 100879 | Z7: 108059 | AA7: 117305 | AB7: =AA7/Z7-1 -> 0.085564368 | AC7: 43464 | AD7: 43739 | AE7: 46133 | AF7: 45455 | AG7: =AF7/AE7-1 -> -0.014696638 | AH7: 37832 | AI7: 40695 | AJ7: 38776 | AK7: 38677 | AL7: =AK7/AJ7-1 -> -0.0025531256 | AM7: =D7+I7+N7+S7+X7+AC7+AH7 -> 545093 | AN7: =E7+J7+O7+T7+Y7+AD7+AI7 -> 524185 | AO7: =F7+K7+P7+U7+Z7+AE7+AJ7 -> 533486 | AP7: =G7+L7+Q7+V7+AA7+AF7+AK7 -> 537380 | AQ7: =AP7/AO7-1 -> 0.0072991606
B8: 46040 | C8: 3 | D8: 182798 | E8: 156581 | F8: 168260 | G8: 169726 | H8: =G8/F8-1 -> 0.0087127065 | I8: 55380 | J8: 49255 | K8: 49952 | L8: 59166 | M8: =L8/K8-1 -> 0.18445708 | N8: 72416 | O8: 64457 | P8: 57657 | Q8: 56771 | R8: =Q8/P8-1 -> -0.015366738 | S8: 53307 | T8: 58480 | U8: 50457 | V8: 47828 | W8: =V8/U8-1 -> -0.052103772 | X8: 102396 | Y8: 98887 | Z8: 110990 | AA8: 116809 | AB8: =AA8/Z8-1 -> 0.052428147 | AC8: 42136 | AD8: 41858 | AE8: 47375 | AF8: 47941 | AG8: =AF8/AE8-1 -> 0.01194723 | AH8: 37792 | AI8: 41769 | AJ8: 40246 | AK8: 37047 | AL8: =AK8/AJ8-1 -> -0.07948616 | AM8: =D8+I8+N8+S8+X8+AC8+AH8 -> 546225 | AN8: =E8+J8+O8+T8+Y8+AD8+AI8 -> 511287 | AO8: =F8+K8+P8+U8+Z8+AE8+AJ8 -> 524937 | AP8: =G8+L8+Q8+V8+AA8+AF8+AK8 -> 535288 | AQ8: =AP8/AO8-1 -> 0.019718557
B9: 46047 | C9: 4 | D9: 201189 | E9: 158722 | F9: 165512 | G9: 166083 | H9: =G9/F9-1 -> 0.0034499009 | I9: 53718 | J9: 55398 | K9: 49739 | L9: 58232 | M9: =L9/K9-1 -> 0.17075132 | N9: 71461 | O9: 61952 | P9: 59251 | Q9: 51245 | R9: =Q9/P9-1 -> -0.13512008 | S9: 49593 | T9: 54477 | U9: 48530 | V9: 45368 | W9: =V9/U9-1 -> -0.065155574 | X9: 97977 | Y9: 97913 | Z9: 108702 | AA9: 110237 | AB9: =AA9/Z9-1 -> 0.014121175 | AC9: 40952 | AD9: 44641 | AE9: 42077 | AF9: 51447 | AG9: =AF9/AE9-1 -> 0.22268698 | AH9: 36897 | AI9: 38283 | AJ9: 36849 | AK9: 35584 | AL9: =AK9/AJ9-1 -> -0.03432929 | AM9: =D9+I9+N9+S9+X9+AC9+AH9 -> 551787 | AN9: =E9+J9+O9+T9+Y9+AD9+AI9 -> 511386 | AO9: =F9+K9+P9+U9+Z9+AE9+AJ9 -> 510660 | AP9: =G9+L9+Q9+V9+AA9+AF9+AK9 -> 518196 | AQ9: =AP9/AO9-1 -> 0.014757373
B10: 46054 | C10: 5 | D10: 195691 | E10: 158722 | F10: 180664 | G10: 165406 | H10: =G10/F10-1 -> -0.084455121 | I10: 51778 | J10: 49065 | K10: 50801 | L10: 57033 | M10: =L10/K10-1 -> 0.12267475 | N10: 69228 | O10: 64018 | P10: 59887 | Q10: 55468 | R10: =Q10/P10-1 -> -0.073788969 | S10: 54354 | T10: 56372 | U10: 48431 | V10: 44635 | W10: =V10/U10-1 -> -0.07837955 | X10: 97189 | Y10: 94631 | Z10: 109219 | AA10: 108222 | AB10: =AA10/Z10-1 -> -0.0091284483 | AC10: 39324 | AD10: 42655 | AE10: 51447 | AF10: 50295 | AG10: =AF10/AE10-1 -> -0.022391976 | AH10: 38692 | AI10: 42402 | AJ10: 37812 | AK10: 36863 | AL10: =AK10/AJ10-1 -> -0.025097853 | AM10: =D10+I10+N10+S10+X10+AC10+AH10 -> 546256 | AN10: =E10+J10+O10+T10+Y10+AD10+AI10 -> 507865 | AO10: =F10+K10+P10+U10+Z10+AE10+AJ10 -> 538261 | AP10: =G10+L10+Q10+V10+AA10+AF10+AK10 -> 517922 | AQ10: =AP10/AO10-1 -> -0.037786501
B11: 46061 | C11: 6 | D11: 214925 | E11: 158830 | F11: 199855 | G11: 175760 | H11: =G11/F11-1 -> -0.12056241 | I11: 50148 | J11: 46655 | K11: 50394 | L11: 56767 | M11: =L11/K11-1 -> 0.12646347 | N11: 74275 | O11: 64287 | P11: 59644 | Q11: 56054 | R11: =Q11/P11-1 -> -0.060190463 | S11: 50587 | T11: 57650 | U11: 52970 | V11: 49916 | W11: =V11/U11-1 -> -0.057655277 | X11: 97495 | Y11: 98349 | Z11: 112307 | AA11: 109388 | AB11: =AA11/Z11-1 -> -0.025991256 | AC11: 41374 | AD11: 44243 | AE11: 49578 | AF11: 51418 | AG11: =AF11/AE11-1 -> 0.037113236 | AH11: 37078 | AI11: 39447 | AJ11: 36315 | AK11: 34864 | AL11: =AK11/AJ11-1 -> -0.039955941 | AM11: =D11+I11+N11+S11+X11+AC11+AH11 -> 565882 | AN11: =E11+J11+O11+T11+Y11+AD11+AI11 -> 509461 | AO11: =F11+K11+P11+U11+Z11+AE11+AJ11 -> 561063 | AP11: =G11+L11+Q11+V11+AA11+AF11+AK11 -> 534167 | AQ11: =AP11/AO11-1 -> -0.047937576
B12: 46068 | C12: 7 | D12: 209579 | E12: 168886 | F12: 212525 | G12: 170738 | H12: =G12/F12-1 -> -0.19662157 | I12: 58145 | J12: 54906 | K12: 59965 | L12: 63442 | M12: =L12/K12-1 -> 0.057983824 | N12: 70539 | O12: 74269 | P12: 68212 | Q12: 62893 | R12: =Q12/P12-1 -> -0.077977482 | S12: 59010 | T12: 63258 | U12: 56488 | V12: 51117 | W12: =V12/U12-1 -> -0.095082141 | X12: 103392 | Y12: 104168 | Z12: 127665 | AA12: 125508 | AB12: =AA12/Z12-1 -> -0.016895782 | AC12: 44140 | AD12: 39760 | AE12: 55843 | AF12: 58171 | AG12: =AF12/AE12-1 -> 0.041688305 | AH12: 37956 | AI12: 39154 | AJ12: 34962 | AK12: 35842 | AL12: =AK12/AJ12-1 -> 0.025170185 | AM12: =D12+I12+N12+S12+X12+AC12+AH12 -> 582761 | AN12: =E12+J12+O12+T12+Y12+AD12+AI12 -> 544401 | AO12: =F12+K12+P12+U12+Z12+AE12+AJ12 -> 615660 | AP12: =G12+L12+Q12+V12+AA12+AF12+AK12 -> 567711 | AQ12: =AP12/AO12-1 -> -0.077882273
B13: 46075 | C13: 8 | D13: 174459 | E13: 164125 | F13: 172613 | G13: 133616 | H13: =G13/F13-1 -> -0.22592157 | I13: 52625 | J13: 52261 | K13: 49516 | L13: 50710 | M13: =L13/K13-1 -> 0.024113418 | N13: 61214 | O13: 71690 | P13: 61705 | Q13: 46809 | R13: =Q13/P13-1 -> -0.24140669 | S13: 50475 | T13: 52261 | U13: 48399 | V13: 47029 | W13: =V13/U13-1 -> -0.02830637 | X13: 99088 | Y13: 93310 | Z13: 103623 | AA13: 106667 | AB13: =AA13/Z13-1 -> 0.029375718 | AC13: 44783 | AD13: 42727 | AE13: 47610 | AF13: 51907 | AG13: =AF13/AE13-1 -> 0.090254148 | AH13: 34804 | AI13: 39242 | AJ13: 32928 | AK13: 32418 | AL13: =AK13/AJ13-1 -> -0.015488338 | AM13: =D13+I13+N13+S13+X13+AC13+AH13 -> 517448 | AN13: =E13+J13+O13+T13+Y13+AD13+AI13 -> 515616 | AO13: =F13+K13+P13+U13+Z13+AE13+AJ13 -> 516394 | AP13: =G13+L13+Q13+V13+AA13+AF13+AK13 -> 469156 | AQ13: =AP13/AO13-1 -> -0.091476663
B14: 46082 | C14: 9 | D14: 154577 | E14: 166481 | F14: 170684 | G14: 156918 | H14: =G14/F14-1 -> -0.080651965 | I14: 53016 | J14: 50353 | K14: 50101 | L14: 54890 | M14: =L14/K14-1 -> 0.095586914 | N14: 59870 | O14: 68194 | P14: 58939 | Q14: 54378 | R14: =Q14/P14-1 -> -0.077385093 | S14: 56456 | T14: 57345 | U14: 49914 | V14: 47031 | W14: =V14/U14-1 -> -0.057759346 | X14: 103334 | Y14: 92366 | Z14: 110513 | AA14: 108905 | AB14: =AA14/Z14-1 -> -0.014550324 | AC14: 37978 | AD14: 44487 | AE14: 51917 | AF14: 55918 | AG14: =AF14/AE14-1 -> 0.077065316 | AH14: 39522 | AI14: 43111 | AJ14: 35860 | AK14: 34526 | AL14: =AK14/AJ14-1 -> -0.037200223 | AM14: =D14+I14+N14+S14+X14+AC14+AH14 -> 504753 | AN14: =E14+J14+O14+T14+Y14+AD14+AI14 -> 522337 | AO14: =F14+K14+P14+U14+Z14+AE14+AJ14 -> 527928 | AP14: =G14+L14+Q14+V14+AA14+AF14+AK14 -> 512566 | AQ14: =AP14/AO14-1 -> -0.029098665
B15: 46089 | C15: 10 | D15: 194993 | E15: 155032 | F15: 169280 | G15: 163282 | H15: =G15/F15-1 -> -0.03543242 | I15: 52474 | J15: 49374 | K15: 49513 | L15: 58001 | M15: =L15/K15-1 -> 0.17142973 | N15: 77148 | O15: 70168 | P15: 57896 | Q15: 56949 | R15: =Q15/P15-1 -> -0.016356916 | S15: 53709 | T15: 55362 | U15: 49380 | V15: 47139 | W15: =V15/U15-1 -> -0.045382746 | X15: 104277 | Y15: 93411 | Z15: 113847 | AA15: 108282 | AB15: =AA15/Z15-1 -> -0.048881393 | AC15: 44643 | AD15: 47284 | AE15: 46312 | AF15: 51567 | AG15: =AF15/AE15-1 -> 0.11346951 | AH15: 38404 | AI15: 42141 | AJ15: 36573 | AK15: 34858 | AL15: =AK15/AJ15-1 -> -0.046892516 | AM15: =D15+I15+N15+S15+X15+AC15+AH15 -> 565648 | AN15: =E15+J15+O15+T15+Y15+AD15+AI15 -> 512772 | AO15: =F15+K15+P15+U15+Z15+AE15+AJ15 -> 522801 | AP15: =G15+L15+Q15+V15+AA15+AF15+AK15 -> 520078 | AQ15: =AP15/AO15-1 -> -0.0052084828
B16: 46096 | C16: 11 | D16: 196880 | E16: 154396 | F16: 172760 | G16: 162017 | H16: =G16/F16-1 -> -0.062184533 | I16: 52085 | J16: 50607 | K16: 50536 | L16: 58990 | M16: =L16/K16-1 -> 0.16728669 | N16: 84229 | O16: 74089 | P16: 55196 | Q16: 57937 | R16: =Q16/P16-1 -> 0.049659396 | S16: 55954 | T16: 56340 | U16: 48705 | V16: 45486 | W16: =V16/U16-1 -> -0.066091777 | X16: 98879 | Y16: 98082 | Z16: 109862 | AA16: 111976 | AB16: =AA16/Z16-1 -> 0.019242322 | AC16: 46516 | AD16: 39928 | AE16: 46284 | AF16: 51979 | AG16: =AF16/AE16-1 -> 0.12304468 | AH16: 39812 | AI16: 41601 | AJ16: 35967 | AK16: 34892 | AL16: =AK16/AJ16-1 -> -0.029888509 | AM16: =D16+I16+N16+S16+X16+AC16+AH16 -> 574355 | AN16: =E16+J16+O16+T16+Y16+AD16+AI16 -> 515043 | AO16: =F16+K16+P16+U16+Z16+AE16+AJ16 -> 519310 | AP16: =G16+L16+Q16+V16+AA16+AF16+AK16 -> 523277 | AQ16: =AP16/AO16-1 -> 0.0076389825
B17: 46103 | C17: 12 | D17: 201163 | E17: 148847 | F17: 190380 | G17: 169947 | H17: =G17/F17-1 -> -0.10732745 | I17: 54203 | J17: 55338 | K17: 53727 | L17: 63438 | M17: =L17/K17-1 -> 0.18074711 | N17: 82743 | O17: 72295 | P17: 54348 | Q17: 62342 | R17: =Q17/P17-1 -> 0.14708913 | S17: 53632 | T17: 57308 | U17: 51854 | V17: 49080 | W17: =V17/U17-1 -> -0.053496355 | X17: 96243 | Y17: 94449 | Z17: 116137 | AA17: 119670 | AB17: =AA17/Z17-1 -> 0.030420968 | AC17: 42543 | AD17: 43900 | AE17: 58882 | AF17: 55265 | AG17: =AF17/AE17-1 -> -0.061427941 | AH17: 37937 | AI17: 37493 | AJ17: 36352 | AK17: 35129 | AL17: =AK17/AJ17-1 -> -0.033643266 | AM17: =D17+I17+N17+S17+X17+AC17+AH17 -> 568464 | AN17: =E17+J17+O17+T17+Y17+AD17+AI17 -> 509630 | AO17: =F17+K17+P17+U17+Z17+AE17+AJ17 -> 561680 | AP17: =G17+L17+Q17+V17+AA17+AF17+AK17 -> 554871 | AQ17: =AP17/AO17-1 -> -0.012122561
B18: 46110 | C18: 13 | D18: 157801 | E18: 166224 | F18: 192543 | G18: 159417 | H18: =G18/F18-1 -> -0.17204469 | I18: 53332 | J18: 57206 | K18: 49058 | L18: 58644 | M18: =L18/K18-1 -> 0.19540136 | N18: 80144 | O18: 73773 | P18: 54818 | Q18: 58237 | R18: =Q18/P18-1 -> 0.062370024 | S18: 54650 | T18: 59149 | U18: 48664 | V18: 42504 | W18: =V18/U18-1 -> -0.12658228 | X18: 109826 | Y18: 98350 | Z18: 115422 | AA18: 113869 | AB18: =AA18/Z18-1 -> -0.013454974 | AC18: 44700 | AD18: 44390 | AE18: 56920 | AF18: 51056 | AG18: =AF18/AE18-1 -> -0.10302178 | AH18: 39481 | AI18: 34409 | AJ18: 37209 | AK18: 36115 | AL18: =AK18/AJ18-1 -> -0.029401489 | AM18: =D18+I18+N18+S18+X18+AC18+AH18 -> 539934 | AN18: =E18+J18+O18+T18+Y18+AD18+AI18 -> 533501 | AO18: =F18+K18+P18+U18+Z18+AE18+AJ18 -> 554634 | AP18: =AK18+AF18+AA18+V18+Q18+L18+G18 -> 519842 | AQ18: =AP18/AO18-1 -> -0.062729656
B19: 46117 | C19: 14 | D19: 183755 | E19: 167291 | F19: 209861 | G19: 187065 | H19: =G19/F19-1 -> -0.10862428 | I19: 78617 | J19: 54500 | K19: 60025 | L19: 83624 | M19: =L19/K19-1 -> 0.39315285 | N19: 88711 | O19: 72013 | P19: 65713 | Q19: 73160 | R19: =Q19/P19-1 -> 0.11332613 | S19: 61543 | T19: 57675 | U19: 55841 | V19: 54418 | W19: =V19/U19-1 -> -0.025483068 | X19: 108540 | Y19: 98430 | Z19: 117214 | AA19: 110467 | AB19: =AA19/Z19-1 -> -0.057561383 | AC19: 51025 | AD19: 46846 | AE19: 61434 | AF19: 57334 | AG19: =AF19/AE19-1 -> -0.066738288 | AH19: 41136 | AI19: 37787 | AJ19: 40462 | AK19: 37183 | AL19: =AK19/AJ19-1 -> -0.081039 | AM19: =D19+I19+N19+S19+X19+AC19+AH19 -> 613327 | AN19: =E19+J19+O19+T19+Y19+AD19+AI19 -> 534542 | AO19: =F19+K19+P19+U19+Z19+AE19+AJ19 -> 610550 | AP19: =AK19+AF19+AA19+V19+Q19+L19+G19 -> 603251 | AQ19: =AP19/AO19-1 -> -0.011954795
B20: 46124 | C20: 15 | D20: 180647 | E20: 157056 | F20: 207732 | G20: 178570 | H20: =G20/F20-1 -> -0.1403828 | I20: 73811 | J20: 48685 | K20: 59030 | L20: 74992 | M20: =L20/K20-1 -> 0.27040488 | N20: 75561 | O20: 65724 | P20: 65639 | Q20: 64807 | R20: =Q20/P20-1 -> -0.012675391 | S20: 65087 | T20: 51648 | U20: 49330 | V20: 50130 | W20: =V20/U20-1 -> 0.016217312 | X20: 113820 | Y20: 99534 | Z20: 115999 | AA20: 117760 | AB20: =AA20/Z20-1 -> 0.015181165 | AC20: 53285 | AD20: 41617 | AE20: 58644 | AF20: 62006 | AG20: =AF20/AE20-1 -> 0.057328968 | AH20: 44449 | AI20: 34538 | AJ20: 42308 | AK20: 37451 | AL20: =AK20/AJ20-1 -> -0.11480098 | AM20: =D20+I20+N20+S20+X20+AC20+AH20 -> 606660 | AN20: =E20+J20+O20+T20+Y20+AD20+AI20 -> 498802 | AO20: =F20+K20+P20+U20+Z20+AE20+AJ20 -> 598682 | AP20: =AK20+AF20+AA20+V20+Q20+L20+G20 -> 585716 | AQ20: =AP20/AO20-1 -> -0.021657574
B21: 46131 | C21: 16 | D21: 166235 | E21: 159213 | F21: 233694 | G21: 170923 | H21: =G21/F21-1 -> -0.26860339 | I21: 58142 | J21: 47877 | K21: 61366 | L21: 60941 | M21: =L21/K21-1 -> -0.0069256592 | N21: 73748 | O21: 68291 | P21: 65699 | Q21: 61436 | R21: =Q21/P21-1 -> -0.064886832 | S21: 61693 | T21: 57439 | U21: 52648 | V21: 49889 | W21: =V21/U21-1 -> -0.05240465 | X21: 113224 | Y21: 103408 | Z21: 108262 | AA21: 122275 | AB21: =AA21/Z21-1 -> 0.129436 | AC21: 47907 | AD21: 42271 | AE21: 48150 | AF21: 53723 | AG21: =AF21/AE21-1 -> 0.11574247 | AH21: 40179 | AI21: 38288 | AJ21: 36130 | AK21: 36888 | AL21: =AK21/AJ21-1 -> 0.020979795 | AM21: =D21+I21+N21+S21+X21+AC21+AH21 -> 561128 | AN21: =E21+J21+O21+T21+Y21+AD21+AI21 -> 516787 | AO21: =F21+K21+P21+U21+Z21+AE21+AJ21 -> 605949 | AP21: =AK21+AF21+AA21+V21+Q21+L21+G21 -> 556075 | AQ21: =AP21/AO21-1 -> -0.082307257
B22: 46138 | C22: 17 | D22: 159538 | E22: 165535 | F22: 170449 | G22: 172413 | H22: =G22/F22-1 -> 0.011522508 | I22: 59063 | J22: 50435 | K22: 61233 | L22: 63887 | M22: =L22/K22-1 -> 0.043342642 | N22: 71424 | O22: 70851 | P22: 61173 | Q22: 63669 | R22: =Q22/P22-1 -> 0.040802315 | S22: 64791 | T22: 55843 | U22: 53011 | V22: 50959 | W22: =V22/U22-1 -> -0.038708947 | X22: 119861 | Y22: 108317 | Z22: 128313 | AA22: 125340 | AB22: =AA22/Z22-1 -> -0.023169905 | AC22: 48438 | AD22: 46927 | AE22: 65325 | AF22: 54799 | AG22: =AF22/AE22-1 -> -0.1611328 | AH22: 49477 | AI22: 40891 | AJ22: 34341 | AK22: 38138 | AL22: =AK22/AJ22-1 -> 0.11056754 | AM22: =D22+I22+N22+S22+X22+AC22+AH22 -> 572592 | AN22: =E22+J22+O22+T22+Y22+AD22+AI22 -> 538799 | AO22: =F22+K22+P22+U22+Z22+AE22+AJ22 -> 573845 | AP22: =AK22+AF22+AA22+V22+Q22+L22+G22 -> 569205 | AQ22: =AP22/AO22-1 -> -0.0080858071
B23: 46145 | C23: 18 | D23: 180837 | E23: 176677 | F23: 174913 | G23: 191993 | H23: =G23/F23-1 -> 0.097648545 | I23: 61962 | J23: 53218 | K23: 61810 | L23: 72084 | M23: =L23/K23-1 -> 0.16621906 | N23: 77485 | O23: 76371 | P23: 66765 | Q23: 67824 | R23: =Q23/P23-1 -> 0.015861604 | S23: 63248 | T23: 62723 | U23: 62722 | V23: 58041 | W23: =V23/U23-1 -> -0.074630911 | X23: 111792 | Y23: 114999 | Z23: 130964 | AA23: 116696 | AB23: =AA23/Z23-1 -> -0.10894597 | AC23: 50424 | AD23: 52075 | AE23: 61073 | AF23: 66160 | AG23: =AF23/AE23-1 -> 0.083293763 | AH23: 46396 | AI23: 44537 | AJ23: 45807 | AK23: 45985 | AL23: =AK23/AJ23-1 -> 0.003885869 | AM23: =D23+I23+N23+S23+X23+AC23+AH23 -> 592144 | AN23: =E23+J23+O23+T23+Y23+AD23+AI23 -> 580600 | AO23: =F23+K23+P23+U23+Z23+AE23+AJ23 -> 604054 | AP23: =AK23+AF23+AA23+V23+Q23+L23+G23 -> 618783 | AQ23: =AP23/AO23-1 -> 0.024383582
B24: 46152 | C24: 19 | D24: 165887 | E24: 175535 | F24: 163442 | G24: 178828 | H24: =G24/F24-1 -> 0.09413737 | I24: 60498 | J24: 52487 | K24: 55872 | L24: 68819 | M24: =L24/K24-1 -> 0.23172609 | N24: 76618 | O24: 79085 | P24: 76367 | Q24: 65874 | R24: =Q24/P24-1 -> -0.13740228 | S24: 58462 | T24: 58166 | U24: 54377 | V24: 50131 | W24: =V24/U24-1 -> -0.078084484 | X24: 112006 | Y24: 109423 | Z24: 121111 | AA24: 122630 | AB24: =AA24/Z24-1 -> 0.012542213 | AC24: 45404 | AD24: 42586 | AE24: 46755 | AF24: 59481 | AG24: =AF24/AE24-1 -> 0.27218479 | AH24: 43632 | AI24: 38322 | AJ24: 40777 | AK24: 42073 | AL24: =AK24/AJ24-1 -> 0.031782623 | AM24: =D24+I24+N24+S24+X24+AC24+AH24 -> 562507 | AN24: =E24+J24+O24+T24+Y24+AD24+AI24 -> 555604 | AO24: =F24+K24+P24+U24+Z24+AE24+AJ24 -> 558701 | AP24: =AK24+AF24+AA24+V24+Q24+L24+G24 -> 587836 | AQ24: =AP24/AO24-1 -> 0.05214775
B25: 46159 | C25: 20 | D25: 167632 | E25: 165720 | F25: 174473 | G25: 177432 | H25: =G25/F25-1 -> 0.016959644 | I25: 60465 | J25: 50159 | K25: 59468 | L25: 64662 | M25: =L25/K25-1 -> 0.087341091 | N25: 67577 | O25: 75436 | P25: 60875 | Q25: 60666 | R25: =Q25/P25-1 -> -0.0034332649 | S25: 66315 | T25: 61438 | U25: 54772 | V25: 48980 | W25: =V25/U25-1 -> -0.10574746 | X25: 110371 | Y25: 107235 | Z25: 123879 | AA25: 124897 | AB25: =AA25/Z25-1 -> 0.0082176963 | AC25: 46715 | AD25: 44125 | AE25: 51223 | AF25: 57326 | AG25: =AF25/AE25-1 -> 0.1191457 | AH25: 44922 | AI25: 40039 | AJ25: 40794 | AK25: 39617 | AL25: =AK25/AJ25-1 -> -0.028852282 | AM25: =D25+I25+N25+S25+X25+AC25+AH25 -> 563997 | AN25: =E25+J25+O25+T25+Y25+AD25+AI25 -> 544152 | AO25: =F25+K25+P25+U25+Z25+AE25+AJ25 -> 565484 | AP25: =AK25+AF25+AA25+V25+Q25+L25+G25 -> 573580 | AQ25: =AP25/AO25-1 -> 0.014316939
B26: 46166 | C26: 21 | D26: 174045 | E26: 158250 | F26: 184173 | G26: 167825 | H26: =G26/F26-1 -> -0.088764368 | I26: 63453 | J26: 49232 | K26: 75337 | L26: 63778 | M26: =L26/K26-1 -> -0.15343059 | N26: 87095 | O26: 74953 | P26: 69482 | Q26: 62199 | R26: =Q26/P26-1 -> -0.10481851 | S26: 70250 | T26: 56866 | U26: 59545 | V26: 45815 | W26: =V26/U26-1 -> -0.23058191 | X26: 102486 | Y26: 103405 | Z26: 114957 | AA26: 121629 | AB26: =AA26/Z26-1 -> 0.058039093 | AC26: 45182 | AD26: 42259 | AE26: 59290 | AF26: 54816 | AG26: =AF26/AE26-1 -> -0.075459605 | AH26: 42349 | AI26: 39727 | AJ26: 40053 | AK26: 38143 | AL26: =AK26/AJ26-1 -> -0.047686815 | AM26: =D26+I26+N26+S26+X26+AC26+AH26 -> 584860 | AN26: =E26+J26+O26+T26+Y26+AD26+AI26 -> 524692 | AO26: =F26+K26+P26+U26+Z26+AE26+AJ26 -> 602837 | AP26: =AK26+AF26+AA26+V26+Q26+L26+G26 -> 554205 | AQ26: =AP26/AO26-1 -> -0.08067189
B27: 46173 | C27: 22 | D27: 175894 | E27: 173777 | F27: 190576 | G27: 184376 | H27: =G27/F27-1 -> -0.032532953 | I27: 69331 | J27: 52425 | K27: 72363 | L27: 69060 | M27: =L27/K27-1 -> -0.045644874 | N27: 77741 | O27: 78498 | P27: 69981 | Q27: 66383 | R27: =Q27/P27-1 -> -0.051413955 | S27: 74808 | T27: 60968 | U27: 60519 | V27: 47215 | W27: =V27/U27-1 -> -0.21983179 | X27: 103277 | Y27: 96723 | Z27: 117925 | AA27: 116562 | AB27: =AA27/Z27-1 -> -0.011558194 | AC27: 50779 | AD27: 41460 | AE27: 58175 | AF27: 60356 | AG27: =AF27/AE27-1 -> 0.037490331 | AH27: 43611 | AI27: 44109 | AJ27: 42685 | AK27: 41040 | AL27: =AK27/AJ27-1 -> -0.038538128 | AM27: =D27+I27+N27+S27+X27+AC27+AH27 -> 595441 | AN27: =E27+J27+O27+T27+Y27+AD27+AI27 -> 547960 | AO27: =F27+K27+P27+U27+Z27+AE27+AJ27 -> 612224 | AP27: =AK27+AF27+AA27+V27+Q27+L27+G27 -> 584992 | AQ27: =AP27/AO27-1 -> -0.044480452
B28: 46180 | C28: 23 | D28: 173003 | E28: 174493 | F28: 200332 | G28: 186199 | H28: =G28/F28-1 -> -0.070547891 | I28: 64747 | J28: 50103 | K28: 62470 | L28: 71513 | M28: =L28/K28-1 -> 0.14475748 | N28: 71909 | O28: 76440 | P28: =61102+48813 -> 109915 | Q28: =67054+52166 -> 119220 | R28: =Q28/P28-1 -> 0.084656325 | S28: 67634 | T28: 56788 | U28: 53424 | V28: 48844 | W28: =V28/U28-1 -> -0.08572926 | X28: 100411 | Y28: 96449 | Z28: 116540 | AA28: 141236 | AB28: =AA28/Z28-1 -> 0.21191007 | AC28: 56250 | AD28: 52610 | AE28: 51656 | AF28: 61177 | AG28: =AF28/AE28-1 -> 0.18431547 | AH28: 43313 | AI28: 43825 | AJ28: 44266 | AK28: 40077 | AL28: =AK28/AJ28-1 -> -0.094632449 | AM28: =D28+I28+N28+S28+X28+AC28+AH28 -> 577267 | AN28: =E28+J28+O28+T28+Y28+AD28+AI28 -> 550708 | AO28: =F28+K28+P28+U28+Z28+AE28+AJ28 -> 638603 | AP28: =AK28+AF28+AA28+V28+Q28+L28+G28 -> 668266 | AQ28: =AP28/AO28-1 -> 0.046449829
B29: 46187 | C29: 24 | D29: 174156 | E29: 186942 | F29: 190834 | G29: 177074 | H29: =G29/F29-1 -> -0.072104552 | I29: 64225 | J29: 66269 | K29: 63968 | L29: 70817 | M29: =L29/K29-1 -> 0.10706916 | N29: 73459 | O29: 91427 | P29: =65666+48607 -> 114273 | Q29: =65517+52023 -> 117540 | R29: =Q29/P29-1 -> 0.028589431 | S29: 72524 | T29: 69449 | U29: 53275 | V29: 46552 | W29: =V29/U29-1 -> -0.12619427 | X29: 107931 | Y29: 108225 | Z29: 118438 | AA29: 127417 | AB29: =AA29/Z29-1 -> 0.075811817 | AC29: 53724 | AD29: 58170 | AE29: 51979 | AF29: 63024 | AG29: =AF29/AE29-1 -> 0.21248966 | AH29: 42485 | AI29: 45803 | AJ29: 42089 | AK29: 37106 | AL29: =AK29/AJ29-1 -> -0.11839198 | AM29: =D29+I29+N29+S29+X29+AC29+AH29 -> 588504 | AN29: =E29+J29+O29+T29+Y29+AD29+AI29 -> 626285 | AO29: =F29+K29+P29+U29+Z29+AE29+AJ29 -> 634856 | AP29: =AK29+AF29+AA29+V29+Q29+L29+G29 -> 639530 | AQ29: =AP29/AO29-1 -> 0.0073622995
B30: 46194 | C30: 25 | D30: 165916 | E30: 185341 | F30: 183050 | G30: 189860 | H30: =G30/F30-1 -> 0.03720295 | I30: 59075 | J30: 67843 | K30: 65304 | L30: 79557 | M30: =L30/K30-1 -> 0.21825616 | N30: 78349 | O30: 90005 | P30: =49536+64916 -> 114452 | Q30: =54204+75403 -> 129607 | R30: =Q30/P30-1 -> 0.13241359 | S30: 70088 | T30: 68994 | U30: 51319 | V30: 53650 | W30: =V30/U30-1 -> 0.045421774 | X30: 109405 | Y30: 105253 | Z30: 118100 | AA30: 129738 | AB30: =AA30/Z30-1 -> 0.098543607 | AC30: 46241 | AD30: 54278 | AE30: 53771 | AF30: 64053 | AG30: =AF30/AE30-1 -> 0.19121831 | AH30: 41967 | AI30: 41513 | AJ30: 40063 | AK30: 42192 | AL30: =AK30/AJ30-1 -> 0.053141302 | AM30: =D30+I30+N30+S30+X30+AC30+AH30 -> 571041 | AN30: =E30+J30+O30+T30+Y30+AD30+AI30 -> 613227 | AO30: =F30+K30+P30+U30+Z30+AE30+AJ30 -> 626059 | AP30: =AK30+AF30+AA30+V30+Q30+L30+G30 -> 688657 | AQ30: =AP30/AO30-1 -> 0.099987381
B31: 46201 | C31: 26 | D31: 161999 | E31: 175138 | F31: 180242 | G31: 181828 | H31: =G31/F31-1 -> 0.008799281 | I31: 59291 | J31: 61416 | K31: 64056 | L31: 75284 | M31: =L31/K31-1 -> 0.17528413 | N31: 75522 | O31: 91638 | P31: =50063+63654 -> 113717 | Q31: =71781+52358 -> 124139 | R31: =Q31/P31-1 -> 0.091648566 | S31: 65860 | T31: 65836 | U31: 51693 | V31: 50559 | W31: =V31/U31-1 -> -0.021937206 | X31: 116808 | Y31: 111659 | Z31: 125952 | AA31: 133650 | AB31: =AA31/Z31-1 -> 0.061118521 | AC31: 51153 | AD31: 51694 | AE31: 54834 | AF31: 67999 | AG31: =AF31/AE31-1 -> 0.24008827 | AH31: 45620 | AI31: 41708 | AJ31: 38560 | AK31: 38282 | AL31: =AK31/AJ31-1 -> -0.0072095436 | AM31: =D31+I31+N31+S31+X31+AC31+AH31 -> 576253 | AN31: =E31+J31+O31+T31+Y31+AD31+AI31 -> 599089 | AO31: =F31+K31+P31+U31+Z31+AE31+AJ31 -> 629054 | AP31: =AK31+AF31+AA31+V31+Q31+L31+G31 -> 671741 | AQ31: =AP31/AO31-1 -> 0.067859039
B32: 46208 | C32: 27 | D32: 164017 | E32: 184616 | F32: 196889 | G32: 180531 | H32: =G32/F32-1 -> -0.083082346 | I32: 60436 | J32: 65288 | K32: 72735 | L32: 65545 | M32: =L32/K32-1 -> -0.098851997 | N32: 77668 | O32: 92455 | P32: =53889+72293 -> 126182 | Q32: =53887+69441 -> 123328 | R32: =Q32/P32-1 -> -0.022618123 | S32: 65516 | T32: 86338 | U32: 55673 | V32: 52986 | W32: =V32/U32-1 -> -0.04826397 | X32: 113291 | Y32: 113609 | Z32: 128100 | AA32: 128175 | AB32: =AA32/Z32-1 -> 0.00058548009 | AC32: 50674 | AD32: 56662 | AE32: 56802 | AF32: 58795 | AG32: =AF32/AE32-1 -> 0.035086793 | AH32: 47492 | AI32: 43121 | AJ32: 44555 | AK32: 39305 | AL32: =AK32/AJ32-1 -> -0.11783189 | AM32: =D32+I32+N32+S32+X32+AC32+AH32 -> 579094 | AN32: =E32+J32+O32+T32+Y32+AD32+AI32 -> 642089 | AO32: =F32+K32+P32+U32+Z32+AE32+AJ32 -> 680936 | AP32: =AK32+AF32+AA32+V32+Q32+L32+G32 -> 648665 | AQ32: =AP32/AO32-1 -> -0.047392119
B33: 46215 | C33: 28 | D33: 172276 | E33: 178549 | F33: 193117 | G33: 183964 | H33: =G33/F33-1 -> -0.047396138 | I33: 59402 | J33: 57681 | K33: 71163 | L33: 67475 | M33: =L33/K33-1 -> -0.051824684 | N33: 84712 | O33: 85401 | P33: =76536+53379 -> 129915 | Q33: =72272+54411 -> 126683 | R33: =Q33/P33-1 -> -0.024877805 | S33: 67923 | T33: 95847 | U33: 52978 | V33: 48912 | W33: =V33/U33-1 -> -0.076748839 | X33: 115322 | Y33: 108256 | Z33: 121009 | AA33: 130953 | AB33: =AA33/Z33-1 -> 0.082175706 | AC33: 49722 | AD33: 52555 | AE33: 53318 | AF33: 63804 | AG33: =AF33/AE33-1 -> 0.19666904 | AH33: 46171 | AI33: 41007 | AJ33: 39692 | AK33: 37787 | AL33: =AK33/AJ33-1 -> -0.047994558 | AM33: =D33+I33+N33+S33+X33+AC33+AH33 -> 595528 | AN33: =E33+J33+O33+T33+Y33+AD33+AI33 -> 619296 | AO33: =F33+K33+P33+U33+Z33+AE33+AJ33 -> 661192 | AP33: =AK33+AF33+AA33+V33+Q33+L33+G33 -> 659578 | AQ33: =AP33/AO33-1 -> -0.0024410459
B34: 46222 | C34: 29 | D34: 165018 | E34: 170891 | F34: 181047 | G34: 165749 | H34: =G34/F34-1 -> -0.084497396 | I34: 67803 | J34: 55440 | K34: 64967 | L34: 66276 | M34: =L34/K34-1 -> 0.020148691 | N34: 84063 | O34: 82263 | P34: =49996+68214 -> 118210 | Q34: =53917+66908 -> 120825 | R34: =Q34/P34-1 -> 0.022121648 | S34: 71524 | T34: 86807 | U34: 56161 | V34: 51205 | W34: =V34/U34-1 -> -0.088246292 | X34: 114283 | Y34: 114264 | Z34: 124456 | AA34: 130801 | AB34: =AA34/Z34-1 -> 0.050981873 | AC34: 54320 | AD34: 48708 | AE34: 51537 | AF34: 60671 | AG34: =AF34/AE34-1 -> 0.17723189 | AH34: 47865 | AI34: 44522 | AJ34: 42994 | AK34: 42047 | AL34: =AK34/AJ34-1 -> -0.022026329 | AM34: =D34+I34+N34+S34+X34+AC34+AH34 -> 604876 | AN34: =E34+J34+O34+T34+Y34+AD34+AI34 -> 602895 | AO34: =F34+K34+P34+U34+Z34+AE34+AJ34 -> 639372 | AP34: =AK34+AF34+AA34+V34+Q34+L34+G34 -> 637574 | AQ34: =AP34/AO34-1 -> -0.0028121344
B35: 46229 | C35: 30 | D35: 173387 | E35: 173014 | F35: =181534+17043 -> 198577 | G35: =168572+15697 -> 184269 | H35: =G35/F35-1 -> -0.072052655 | I35: 68292 | J35: 59805 | K35: 64457 | L35: 67322 | M35: =L35/K35-1 -> 0.044448237 | N35: 86773 | O35: 84636 | P35: =66552+50412 -> 116964 | Q35: =68234+54523 -> 122757 | R35: =Q35/P35-1 -> 0.04952806 | S35: 68347 | T35: 64013 | U35: 49443 | V35: 47145 | W35: =V35/U35-1 -> -0.046477762 | X35: 109576 | Y35: 113644 | Z35: 123079 | AA35: 129595 | AB35: =AA35/Z35-1 -> 0.052941607 | AC35: 58195 | AD35: 49854 | AE35: 51849 | AF35: 63707 | AG35: =AF35/AE35-1 -> 0.22870258 | AH35: 42908 | AI35: 43347 | AJ35: 38677 | AK35: 38563 | AL35: =AK35/AJ35-1 -> -0.0029474882 | AM35: =D35+I35+N35+S35+X35+AC35+AH35 -> 607478 | AN35: =E35+J35+O35+T35+Y35+AD35+AI35 -> 588313 | AO35: =F35+K35+P35+U35+Z35+AE35+AJ35 -> 643046 | AP35: =AK35+AF35+AA35+V35+Q35+L35+G35 -> 653358 | AQ35: =AP35/AO35-1 -> 0.016036178
B36: 46236 | C36: 31 | D36: 165369 | E36: 171814 | F36: 185966 | H36: =G36/F36-1 -> -1 | I36: 62636 | J36: 62008 | K36: 64482 | M36: =L36/K36-1 -> -1 | N36: 85731 | O36: 84604 | P36: 66787 | R36: =Q36/P36-1 -> -1 | S36: 68276 | T36: 63023 | U36: 52307 | W36: =V36/U36-1 -> -1 | X36: 104315 | Y36: 90549 | Z36: 124208 | AB36: =AA36/Z36-1 -> -1 | AC36: 41545 | AD36: 50221 | AE36: 53388 | AG36: =AF36/AE36-1 -> -1 | AH36: 49029 | AI36: 43700 | AJ36: 42609 | AL36: =AK36/AJ36-1 -> -1 | AM36: =D36+I36+N36+S36+X36+AC36+AH36 -> 576901 | AN36: =E36+J36+O36+T36+Y36+AD36+AI36 -> 565919 | AO36: =F36+K36+P36+U36+Z36+AE36+AJ36 -> 589747 | AQ36: =AP36/AO36-1 -> -1
B37: 46243 | C37: 32 | D37: 162568 | E37: 169181 | F37: 192287 | H37: =G37/F37-1 -> -1 | I37: 58004 | J37: 61024 | K37: 65074 | M37: =L37/K37-1 -> -1 | N37: 74570 | O37: 77289 | P37: 65419 | R37: =Q37/P37-1 -> -1 | S37: 68667 | T37: 58730 | U37: 53781 | W37: =V37/U37-1 -> -1 | X37: 105717 | Y37: 97591 | Z37: 120130 | AB37: =AA37/Z37-1 -> -1 | AC37: 45059 | AD37: 46336 | AE37: 54113 | AG37: =AF37/AE37-1 -> -1 | AH37: 49132 | AI37: 45599 | AJ37: 39405 | AL37: =AK37/AJ37-1 -> -1 | AM37: =D37+I37+N37+S37+X37+AC37+AH37 -> 563717 | AN37: =E37+J37+O37+T37+Y37+AD37+AI37 -> 555750 | AO37: =F37+K37+P37+U37+Z37+AE37+AJ37 -> 590209 | AQ37: =AP37/AO37-1 -> -1
B38: 46250 | C38: 33 | D38: 163754 | E38: 173875 | F38: 190068 | H38: =G38/F38-1 -> -1 | I38: 47257 | J38: 65049 | K38: 62262 | M38: =L38/K38-1 -> -1 | N38: 74099 | O38: 82889 | P38: 66001 | R38: =Q38/P38-1 -> -1 | S38: 80514 | T38: 62517 | U38: 56189 | W38: =V38/U38-1 -> -1 | X38: 106042 | Y38: 108637 | Z38: 123513 | AB38: =AA38/Z38-1 -> -1 | AC38: 42905 | AD38: 51768 | AE38: 52319 | AG38: =AF38/AE38-1 -> -1 | AH38: 45772 | AI38: 47644 | AJ38: 40733 | AL38: =AK38/AJ38-1 -> -1 | AM38: =D38+I38+N38+S38+X38+AC38+AH38 -> 560343 | AN38: =E38+J38+O38+T38+Y38+AD38+AI38 -> 592379 | AO38: =F38+K38+P38+U38+Z38+AE38+AJ38 -> 591085 | AQ38: =AP38/AO38-1 -> -1
B39: 46257 | C39: 34 | D39: 182836 | E39: 182115 | F39: 188246 | H39: =G39/F39-1 -> -1 | I39: 59669 | J39: 60468 | K39: 57293 | M39: =L39/K39-1 -> -1 | N39: 84853 | O39: 80855 | P39: 65600 | R39: =Q39/P39-1 -> -1 | S39: 84343 | T39: 77405 | U39: 57607 | W39: =V39/U39-1 -> -1 | X39: 105353 | Y39: 122277 | Z39: 121160 | AB39: =AA39/Z39-1 -> -1 | AC39: 42196 | AD39: 46468 | AE39: 49506 | AG39: =AF39/AE39-1 -> -1 | AH39: 49565 | AI39: 47577 | AJ39: 39987 | AL39: =AK39/AJ39-1 -> -1 | AM39: =D39+I39+N39+S39+X39+AC39+AH39 -> 608815 | AN39: =E39+J39+O39+T39+Y39+AD39+AI39 -> 617165 | AO39: =F39+K39+P39+U39+Z39+AE39+AJ39 -> 579399 | AQ39: =AP39/AO39-1 -> -1
B40: 46264 | C40: 35 | D40: 169082 | E40: 176071 | F40: 214526 | H40: =G40/F40-1 -> -1 | I40: 50370 | J40: 53091 | K40: 57341 | M40: =L40/K40-1 -> -1 | N40: 75806 | O40: 74376 | P40: 72693 | R40: =Q40/P40-1 -> -1 | S40: 75990 | T40: 61725 | U40: 65518 | W40: =V40/U40-1 -> -1 | X40: 104261 | Y40: 100741 | Z40: 117120 | AB40: =AA40/Z40-1 -> -1 | AC40: 44759 | AD40: 44196 | AE40: 47183 | AG40: =AF40/AE40-1 -> -1 | AH40: 44177 | AI40: 43277 | AJ40: 41360 | AL40: =AK40/AJ40-1 -> -1 | AM40: =D40+I40+N40+S40+X40+AC40+AH40 -> 564445 | AN40: =E40+J40+O40+T40+Y40+AD40+AI40 -> 553477 | AO40: =F40+K40+P40+U40+Z40+AE40+AJ40 -> 615741 | AQ40: =AP40/AO40-1 -> -1
B41: 46271 | C41: 36 | D41: 189122 | E41: 168326 | F41: 200890 | H41: =G41/F41-1 -> -1 | I41: 60130 | J41: 56208 | K41: 56794 | M41: =L41/K41-1 -> -1 | N41: 86797 | O41: 70738 | P41: 67200 | R41: =Q41/P41-1 -> -1 | S41: 77957 | T41: 62074 | U41: 57285 | W41: =V41/U41-1 -> -1 | X41: 120020 | Y41: 114877 | Z41: 113937 | AB41: =AA41/Z41-1 -> -1 | AC41: 52697 | AD41: 46963 | AE41: 51213 | AG41: =AF41/AE41-1 -> -1 | AH41: 53221 | AI41: 44087 | AJ41: 38079 | AL41: =AK41/AJ41-1 -> -1 | AM41: =D41+I41+N41+S41+X41+AC41+AH41 -> 639944 | AN41: =E41+J41+O41+T41+Y41+AD41+AI41 -> 563273 | AO41: =F41+K41+P41+U41+Z41+AE41+AJ41 -> 585398 | AQ41: =AP41/AO41-1 -> -1
B42: 46278 | C42: 37 | D42: 163013 | E42: 157476 | F42: 179180 | H42: =G42/F42-1 -> -1 | I42: 47970 | J42: 50079 | K42: 58396 | M42: =L42/K42-1 -> -1 | N42: 66743 | O42: 67099 | P42: 62167 | R42: =Q42/P42-1 -> -1 | S42: 63902 | T42: 42639 | U42: 54928 | W42: =V42/U42-1 -> -1 | X42: 100765 | Y42: 44936 | Z42: 114891 | AB42: =AA42/Z42-1 -> -1 | AC42: 42948 | AD42: 42177 | AE42: 49440 | AG42: =AF42/AE42-1 -> -1 | AH42: 46191 | AI42: 40207 | AJ42: 37270 | AL42: =AK42/AJ42-1 -> -1 | AM42: =D42+I42+N42+S42+X42+AC42+AH42 -> 531532 | AN42: =E42+J42+O42+T42+Y42+AD42+AI42 -> 444613 | AO42: =F42+K42+P42+U42+Z42+AE42+AJ42 -> 556272 | AQ42: =AP42/AO42-1 -> -1
B43: 46285 | C43: 38 | D43: 157574 | E43: 168411 | F43: 178638 | H43: =G43/F43-1 -> -1 | I43: 47537 | J43: 52640 | K43: 57010 | M43: =L43/K43-1 -> -1 | N43: 71733 | O43: 68350 | P43: 61359 | R43: =Q43/P43-1 -> -1 | S43: 60716 | T43: 52768 | U43: 55677 | W43: =V43/U43-1 -> -1 | X43: 100953 | Y43: 72932 | Z43: 117198 | AB43: =AA43/Z43-1 -> -1 | AC43: 42739 | AD43: 45766 | AE43: 48185 | AG43: =AF43/AE43-1 -> -1 | AH43: 42223 | AI43: 41087 | AJ43: 37226 | AL43: =AK43/AJ43-1 -> -1 | AM43: =D43+I43+N43+S43+X43+AC43+AH43 -> 523475 | AN43: =E43+J43+O43+T43+Y43+AD43+AI43 -> 501954 | AO43: =F43+K43+P43+U43+Z43+AE43+AJ43 -> 555293 | AQ43: =AP43/AO43-1 -> -1
B44: 46292 | C44: 39 | D44: 167967 | E44: 158941 | F44: 170638 | H44: =G44/F44-1 -> -1 | I44: 48645 | J44: 49944 | K44: 49400 | M44: =L44/K44-1 -> -1 | N44: 67797 | O44: 65278 | P44: 60772 | R44: =Q44/P44-1 -> -1 | S44: 62503 | T44: 49018 | U44: 46590 | W44: =V44/U44-1 -> -1 | X44: 103748 | Y44: 82249 | Z44: 112432 | AB44: =AA44/Z44-1 -> -1 | AC44: 49144 | AD44: 46302 | AE44: 47722 | AG44: =AF44/AE44-1 -> -1 | AH44: 45708 | AI44: 42261 | AJ44: 36779 | AL44: =AK44/AJ44-1 -> -1 | AM44: =D44+I44+N44+S44+X44+AC44+AH44 -> 545512 | AN44: =E44+J44+O44+T44+Y44+AD44+AI44 -> 493993 | AO44: =F44+K44+P44+U44+Z44+AE44+AJ44 -> 524333 | AQ44: =AP44/AO44-1 -> -1
B45: 46299 | C45: 40 | D45: 197235 | E45: 173757 | F45: 182402 | H45: =G45/F45-1 -> -1 | I45: 44904 | J45: 50858 | K45: 48369 | M45: =L45/K45-1 -> -1 | N45: 73403 | O45: 74183 | P45: 60503 | R45: =Q45/P45-1 -> -1 | S45: 57801 | T45: 56048 | U45: 52547 | W45: =V45/U45-1 -> -1 | X45: 102118 | Y45: 90010 | Z45: 118607 | AB45: =AA45/Z45-1 -> -1 | AC45: 42811 | AD45: 49833 | AE45: 45010 | AG45: =AF45/AE45-1 -> -1 | AH45: 43109 | AI45: 43738 | AJ45: 39185 | AL45: =AK45/AJ45-1 -> -1 | AM45: =D45+I45+N45+S45+X45+AC45+AH45 -> 561381 | AN45: =E45+J45+O45+T45+Y45+AD45+AI45 -> 538427 | AO45: =F45+K45+P45+U45+Z45+AE45+AJ45 -> 546623 | AQ45: =AP45/AO45-1 -> -1
B46: 46306 | C46: 41 | D46: 193345 | E46: 161646 | F46: 180359 | H46: =G46/F46-1 -> -1 | I46: 47601 | J46: 46577 | K46: 45955 | M46: =L46/K46-1 -> -1 | N46: 71039 | O46: 69160 | P46: 58783 | R46: =Q46/P46-1 -> -1 | S46: 58586 | T46: 48903 | U46: 46681 | W46: =V46/U46-1 -> -1 | X46: 103131 | Y46: 95284 | Z46: 112048 | AB46: =AA46/Z46-1 -> -1 | AC46: 44239 | AD46: 44995 | AE46: 46176 | AG46: =AF46/AE46-1 -> -1 | AH46: 45189 | AI46: 37232 | AJ46: 35591 | AL46: =AK46/AJ46-1 -> -1 | AM46: =D46+I46+N46+S46+X46+AC46+AH46 -> 563130 | AN46: =E46+J46+O46+T46+Y46+AD46+AI46 -> 503797 | AO46: =F46+K46+P46+U46+Z46+AE46+AJ46 -> 525593 | AQ46: =AP46/AO46-1 -> -1
B47: 46313 | C47: 42 | D47: 195152 | E47: 169554 | F47: 189613 | H47: =G47/F47-1 -> -1 | I47: 52130 | J47: 48730 | K47: 49236 | M47: =L47/K47-1 -> -1 | N47: 68849 | O47: 72354 | P47: 59459 | R47: =Q47/P47-1 -> -1 | S47: 57291 | T47: 54834 | U47: 52661 | W47: =V47/U47-1 -> -1 | X47: 90807 | Y47: 102691 | Z47: 117213 | AB47: =AA47/Z47-1 -> -1 | AC47: 43676 | AD47: 49849 | AE47: 48000 | AG47: =AF47/AE47-1 -> -1 | AH47: 30610 | AI47: 40224 | AJ47: 38408 | AL47: =AK47/AJ47-1 -> -1 | AM47: =D47+I47+N47+S47+X47+AC47+AH47 -> 538515 | AN47: =E47+J47+O47+T47+Y47+AD47+AI47 -> 538236 | AO47: =F47+K47+P47+U47+Z47+AE47+AJ47 -> 554590 | AQ47: =AP47/AO47-1 -> -1
... B57: 46383 | C57: 52 | D57: 191626 | E57: 224095 | F57: 224076 | H57: =G57/F57-1 -> -1 | I57: 62324 | J57: 75224 | K57: 80802 | M57: =L57/K57-1 -> -1 | N57: 82273 | O57: 86164 | P57: 86362 | R57: =Q57/P57-1 -> -1 | S57: 61581 | T57: 66398 | U57: 64886 | W57: =V57/U57-1 -> -1 | X57: 122318 | Y57: 135170 | Z57: 153338 | AB57: =AA57/Z57-1 -> -1 | AC57: 38863 | AD57: 52264 | AE57: 53697 | AG57: =AF57/AE57-1 -> -1 | AH57: 43720 | AI57: 48026 | AJ57: 48753 | AL57: =AK57/AJ57-1 -> -1 | AM57: =D57+I57+N57+S57+X57+AC57+AH57 -> 602705 | AN57: =E57+J57+O57+T57+Y57+AD57+AI57 -> 687341 | AO57: =F57+K57+P57+U57+Z57+AE57+AJ57 -> 711914 | AQ57: =AP57/AO57-1 -> -1
B59: SUMA | D59: =SUM(D6:D57) -> 9612010 | E59: =SUM(E6:E57) -> 9051398 | F59: =SUM(F6:F57) -> 9905219 | G59: =SUM(G6:G57) -> 5200588 | H59: =G59/(F6+F7+F8+F9+F10+F11+F12+F13+F14+F15+F16+F17+F18+F19+F20+F21+F22+F23+F24+F25+F26+F27+F28+F29+F30+F31+F32+F33+F34+F35)-1 -> -0.067911462 | I59: =SUM(I6:I57) -> 2965516 | J59: =SUM(J6:J57) -> 2857589 | K59: =SUM(K6:K57) -> 3037277 | L59: =SUM(L6:L57) -> 1947098 | M59: =L59/(K6+K7+K8+K9+K10+K11+K12+K13+K14+K15+K16+K17+K18+K19+K20+K21+K22+K23+K24+K25+K26+K27+K28+K29+K30+K31+K32+K33+K34+K35)-1 -> 0.098035478 | N59: =SUM(N6:N57) -> 3972317 | O59: =SUM(O6:O57) -> 3915124 | P59: =SUM(P6:P57) -> 3839665 | Q59: =SUM(Q6:Q57) -> 2318248 | R59: =Q59/(P6+P7+P8+P9+P10+P11+P12+P13+P14+P15+P16+P17+P18+P19+P20+P21+P22+P23+P24+P25+P26+P27+P28+P29+P30+P31+P32+P33+P34+P35)-1 -> -0.0074557021 | S59: =SUM(S6:S57) -> 3289303 | T59: =SUM(T6:T57) -> 3154890 | U59: =SUM(U6:U57) -> 2808570 | V59: =SUM(V6:V57) -> 1469303 | W59: =V59/(U6+U7+U8+U9+U10+U11+U12+U13+U14+U15+U16+U17+U18+U19+U20+U21+U22+U23+U24+U25+U26+U27+U28+U29+U30+U31+U32+U33+U34+U35)-1 -> -0.072146713 | X59: =SUM(X6:X57) -> 5655797 | Y59: =SUM(Y6:Y57) -> 5511363 | Z59: =SUM(Z6:Z57) -> 6297373 | AA59: =SUM(AA6:AA57) -> 3610260 | AB59: =AA59/(Z6+Z7+Z8+Z9+Z10+Z11+Z12+Z13+Z14+Z15+Z16+Z17+Z18+Z19+Z20+Z21+Z22+Z23+Z24+Z25+Z26+Z27+Z28+Z29+Z30+Z31+Z32+Z33+Z34+Z35)-1 -> 0.027810375 | AC59: =SUM(AC6:AC57) -> 2373015 | AD59: =SUM(AD6:AD57) -> 2451342 | AE59: =SUM(AE6:AE57) -> 2680340 | AF59: =SUM(AF6:AF57) -> 1697023 | AG59: =AF59/(AE6+AE7+AE8+AE9+AE10+AE11+AE12+AE13+AE14+AE15+AE16+AE17+AE18+AE19+AE20+AE21+AE22+AE23+AE24+AE25+AE26+AE27+AE28+AE29+AE30+AE31+AE32+AE33+AE34+AE35)-1 -> 0.06948603 | AH59: =SUM(AH6:AH57) -> 2292151 | AI59: =SUM(AI6:AI57) -> 2223566 | AJ59: =SUM(AJ6:AJ57) -> 2082620 | AK59: =SUM(AK6:AK57) -> 1133973 | AL59: =AK59/(AJ6+AJ7+AJ8+AJ9+AJ10+AJ11+AJ12+AJ13+AJ14+AJ15+AJ16+AJ17+AJ18+AJ19+AJ20+AJ21+AJ22+AJ23+AJ24+AJ25+AJ26+AJ27+AJ28+AJ29+AJ30+AJ31+AJ32+AJ33+AJ34+AJ35)-1 -> -0.031621637 | AM59: =SUM(AM6:AM57) -> 30160109 | AN59: =SUM(AN6:AN57) -> 29165272 | AO59: =SUM(AO6:AO57) -> 30651064 | AP59: =SUM(AP6:AP57) -> 17376493 | AQ59: =AP59/(AO6+AO7+AO8+AO9+AO10+AO11+AO12+AO13+AO14+AO15+AO16+AO17+AO18+AO19+AO20+AO21+AO22+AO23+AO24+AO25+AO26+AO27+AO28+AO29+AO30+AO31+AO32+AO33+AO34+AO35)-1 -> -0.0094524039
E62: RESUMEN AFLUENCIA
E63: =B35 -> 46229 | F63: SEM | G63: ACUM
E65: P2K | F65: =H35 -> -0.072052655 | G65: =H59 -> -0.067911462
E66: PSP | F66: =M35 -> 0.044448237 | G66: =M59 -> 0.098035478
E67: PRG | F67: =R35 -> 0.04952806 | G67: =R59 -> -0.0074557021
E68: PSI | F68: =W35 -> -0.046477762 | G68: =W59 -> -0.072146713
E69: CBA | F69: =AB35 -> 0.052941607 | G69: =AB59 -> 0.027810375
E70: PV | F70: =AG35 -> 0.22870258 | G70: =AG59 -> 0.06948603
E71: PLP | F71: =AL35 -> -0.0029474882 | G71: =AL59 -> -0.031621637
E73: TTL | F73: =AQ35 -> 0.016036178 | G73: =AQ59 -> -0.0094524039

Sheet MENSUAL
B1: AFLUENCIA PLAZAS
D3: P2K | L3: PSP | U3: PRG | AB3: PSI | AK3: CBA | AQ3: PV | AW3: PLP | BF3: TOTAL | BO3: PORTAFOLIO ARCO
D4: 2019 | E4: 2021 | F4: 2022 | G4: 2023 | H4: 2024 | I4: 2025 | J4: 2026 | K4: DIF A.A. | L4: 2019 | M4: 2021 | N4: 2022 | O4: 2023 | P4: 2024 | Q4: 2025 | R4: 2026 | S4: DIF A.A. | T4: DIF vs 19 | U4: 2021 | V4: 2022 | W4: 2023 | X4: 2024 | Y4: 2025 | Z4: 2026 | AA4: DIF A.A. | AB4: 2019 | AC4: 2021 | AD4: 2022 | AE4: 2023 | AF4: 2024 | AG4: 2025 | AH4: 2026 | AI4: DIF A.A. | AJ4: DIF vs 19 | AK4: 2022 | AL4: 2023 | AM4: 2024 | AN4: 2025 | AO4: 2026 | AP4: DIF A.A. | AQ4: 2022 | AR4: 2023 | AS4: 2024 | AT4: 2025 | AU4: 2026 | AV4: DIF A.A. | AW4: 2019 | AX4: 2021 | AY4: 2022 | AZ4: 2023 | BA4: 2024 | BB4: 2025 | BC4: 2026 | BD4: DIF A.A. | BE4: DIF vs 19 | BF4: 2019 | BG4: 2021 | BH4: 2022 | BI4: 2023 | BJ4: 2024 | BK4: 2025 | BL4: 2026 | BM4: %DIF | BO4: 2022 | BP4: 2023 | BQ4: 2024 | BR4: 2025 | BS4: 2026 | BT4: % DIF
B6: Ene | E6: 482267 | F6: 752821 | G6: 678734 | H6: 696132 | I6: 743934 | J6: 740093 | K6: =J6/I6-1 -> -0.0051630924 | L6: 249843 | M6: 110865 | N6: 174664 | O6: 242250 | P6: 224082 | Q6: 227640 | R6: 259636 | S6: =R6/Q6-1 -> 0.14055526 | T6: =(#REF!-#REF!)/#REF! -> #REF! | U6: 222835 | V6: 292262 | W6: 310126 | X6: 286360 | Y6: 306893 | Z6: 263519 | AA6: =Z6/Y6-1 -> -0.14133265 | AB6: 259830 | AC6: 181024 | AD6: 242902 | AE6: 228128 | AF6: 243138 | AG6: 213434 | AH6: 201055 | AI6: =AH6/AG6-1 -> -0.057999194 | AJ6: =(#REF!-#REF!)/#REF! -> #REF! | AK6: 0 | AL6: 421720 | AM6: 435093 | AN6: 475835 | AO6: 497897 | AP6: =AO6/AN6-1 -> 0.046364811 | AQ6: 76838 | AR6: 183628 | AS6: 188625 | AT6: 209485 | AU6: 214814 | AV6: =AU6/AT6-1 -> 0.025438576 | AW6: 198967 | AX6: 118212 | AY6: 147318 | AZ6: 164737 | BA6: 154632 | BB6: 167408 | BC6: 161173 | BD6: =BC6/BB6-1 -> -0.037244337 | BE6: =(BA6-AW6)/AW6 -> -0.2228259 | BF6: =D6+L6+AB6+AW6 -> 708640 | BG6: =E6+M6+U6+AC6+AX6 -> 1115203 | BH6: =F6+N6+V6+AD6+AK6+AQ6+AY6 -> 1686805 | BI6: =G6+O6+W6+AE6+AL6+AR6+AZ6 -> 2229323 | BJ6: =H6+P6+X6+AF6+AM6+AS6+BA6 -> 2228062 | BK6: =I6+Q6+Y6+AG6+AN6+AT6+BB6 -> 2344629 | BL6: =J6+R6+Z6+AH6+AO6+AU6+BC6 -> 2338187 | BM6: =BL6/BK6-1 -> -0.0027475562 | BO6: =F6+N6+V6+AD6+AK6+AQ6 -> 1539487 | BP6: =G6+O6+W6+AE6+AL6+AR6 -> 2064586 | BQ6: =H6+P6+X6+AF6+AM6+AS6 -> 2073430 | BR6: =I6+Q6+Y6+AG6+AN6+AT6 -> 2177221 | BS6: =BL6-BC6 -> 2177014 | BT6: =BS6/BR6-1 -> -9.5075328e-05
B7: Feb | E7: 520120 | F7: 753665 | G7: 661160 | H7: 650426 | I7: 763733 | J7: 637417 | K7: =J7/I7-1 -> -0.16539288 | L7: 195031 | M7: 114747 | N7: 180596 | O7: 214033 | P7: 201917 | Q7: 210304 | R7: 225989 | S7: =R7/Q7-1 -> 0.074582509 | T7: =(#REF!-#REF!)/#REF! -> #REF! | U7: 244975 | V7: 280076 | W7: 283588 | X7: 274516 | Y7: 284351 | Z7: 220264 | AA7: =Z7/Y7-1 -> -0.2253799 | AB7: 235904 | AC7: 181823 | AD7: 226652 | AE7: 214347 | AF7: 230662 | AG7: 206159 | AH7: 190497 | AI7: =AH7/AG7-1 -> -0.075970489 | AJ7: =(#REF!-#REF!)/#REF! -> #REF! | AK7: 0 | AL7: 399175 | AM7: 401195 | AN7: 452820 | AO7: 449272 | AP7: =AO7/AN7-1 -> -0.007835343 | AQ7: 85678 | AR7: 172325 | AS7: 171179 | AT7: 203585 | AU7: 216079 | AV7: =AU7/AT7-1 -> 0.061369944 | AW7: 170315 | AX7: 101054 | AY7: 144817 | AZ7: 148918 | BA7: 142102 | BB7: 140247 | BC7: 137690 | BD7: =BC7/BB7-1 -> -0.018232119 | BE7: =(BA7-AW7)/AW7 -> -0.16565188 | BF7: =D7+L7+AB7+AW7 -> 601250 | BG7: =E7+M7+U7+AC7+AX7 -> 1162719 | BH7: =F7+N7+V7+AD7+AK7+AQ7+AY7 -> 1671484 | BI7: =G7+O7+W7+AE7+AL7+AR7+AZ7 -> 2093546 | BJ7: =H7+P7+X7+AF7+AM7+AS7+BA7 -> 2071997 | BK7: =I7+Q7+Y7+AG7+AN7+AT7+BB7 -> 2261199 | BL7: =J7+R7+Z7+AH7+AO7+AU7+BC7 -> 2077208 | BM7: =BL7/BK7-1 -> -0.081368778 | BO7: =F7+N7+V7+AD7+AK7+AQ7 -> 1526667 | BP7: =G7+O7+W7+AE7+AL7+AR7 -> 1944628 | BQ7: =H7+P7+X7+AF7+AM7+AS7 -> 1929895 | BR7: =I7+Q7+Y7+AG7+AN7+AT7 -> 2120952 | BS7: =BL7-BC7 -> 1939518 | BT7: =BS7/BR7-1 -> -0.085543662
B8: Mar | E8: 593586 | F8: 849273 | G8: 709505 | H8: 708853 | I8: 809164 | J8: 725704 | K8: =J8/I8-1 -> -0.10314349 | L8: 218923 | M8: 157203 | N8: 224286 | O8: 231610 | P8: 241982 | Q8: 228735 | R8: 265327 | S8: =R8/Q8-1 -> 0.15997552 | T8: =(#REF!-#REF!)/#REF! -> #REF! | U8: 247166 | V8: 333510 | W8: 349287 | X8: 326083 | Y8: 280293 | Z8: 262109 | AA8: =Z8/Y8-1 -> -0.06487497 | AB8: 316594 | AC8: 230551 | AD8: 246517 | AE8: 238550 | AF8: 257638 | AG8: 224979 | AH8: 208718 | AI8: =AH8/AG8-1 -> -0.072277857 | AJ8: =(#REF!-#REF!)/#REF! -> #REF! | AK8: 0 | AL8: 448071 | AM8: 428155 | AN8: 509788 | AO8: 507958 | AP8: =AO8/AN8-1 -> -0.0035897275 | AQ8: 122242 | AR8: 198118 | AS8: 206148 | AT8: 238076 | AU8: 233906 | AV8: =AU8/AT8-1 -> -0.017515415 | AW8: 203722 | AX8: 147401 | AY8: 167384 | AZ8: 171191 | BA8: 157542 | BB8: 164010 | BC8: 157705 | BD8: =BC8/BB8-1 -> -0.038442778 | BE8: =(BA8-AW8)/AW8 -> -0.22668146 | BF8: =D8+L8+AB8+AW8 -> 739239 | BG8: =E8+M8+U8+AC8+AX8 -> 1375907 | BH8: =F8+N8+V8+AD8+AK8+AQ8+AY8 -> 1943212 | BI8: =G8+O8+W8+AE8+AL8+AR8+AZ8 -> 2346332 | BJ8: =H8+P8+X8+AF8+AM8+AS8+BA8 -> 2326401 | BK8: =I8+Q8+Y8+AG8+AN8+AT8+BB8 -> 2455045 | BL8: =J8+R8+Z8+AH8+AO8+AU8+BC8 -> 2361427 | BM8: =BL8/BK8-1 -> -0.038132906 | BO8: =F8+N8+V8+AD8+AK8+AQ8 -> 1775828 | BP8: =G8+O8+W8+AE8+AL8+AR8 -> 2175141 | BQ8: =H8+P8+X8+AF8+AM8+AS8 -> 2168859 | BR8: =I8+Q8+Y8+AG8+AN8+AT8 -> 2291035 | BS8: =BL8-BC8 -> 2203722 | BT8: =BS8/BR8-1 -> -0.038110723
B9: Abr | E9: 619980 | F9: 846339 | G9: 759696 | H9: 696227 | I9: 865991 | J9: 764187 | K9: =J9/I9-1 -> -0.1175578 | L9: 233301 | M9: 165241 | N9: 236347 | O9: 291669 | P9: 215099 | Q9: 257730 | R9: 300036 | S9: =R9/Q9-1 -> 0.16414853 | T9: =(#REF!-#REF!)/#REF! -> #REF! | U9: 274260 | V9: 323452 | W9: 337512 | X9: 295732 | Y9: 337619 | Z9: 280883 | AA9: =Z9/Y9-1 -> -0.16804741 | AB9: 347108 | AC9: 238188 | AD9: 253439 | AE9: 273503 | AF9: 243142 | AG9: 232372 | AH9: 222881 | AI9: =AH9/AG9-1 -> -0.040843992 | AJ9: =(#REF!-#REF!)/#REF! -> #REF! | AK9: 0 | AL9: 492565 | AM9: 445043 | AN9: 513338 | AO9: 509544 | AP9: =AO9/AN9-1 -> -0.0073908419 | AQ9: 123629 | AR9: 217541 | AS9: 194537 | AT9: 220625 | AU9: 247647 | AV9: =AU9/AT9-1 -> 0.12247932 | AW9: 218492 | AX9: 142542 | AY9: 177057 | AZ9: 188529 | BA9: 163947 | BB9: 174788 | BC9: 165525 | BD9: =BC9/BB9-1 -> -0.052995629 | BE9: =(BA9-AW9)/AW9 -> -0.24964301 | BF9: =D9+L9+AB9+AW9 -> 798901 | BG9: =E9+M9+U9+AC9+AX9 -> 1440211 | BH9: =F9+N9+V9+AD9+AK9+AQ9+AY9 -> 1960263 | BI9: =G9+O9+W9+AE9+AL9+AR9+AZ9 -> 2561015 | BJ9: =H9+P9+X9+AF9+AM9+AS9+BA9 -> 2253727 | BK9: =I9+Q9+Y9+AG9+AN9+AT9+BB9 -> 2602463 | BL9: =J9+R9+Z9+AH9+AO9+AU9+BC9 -> 2490703 | BM9: =BL9/BK9-1 -> -0.042943934 | BO9: =F9+N9+V9+AD9+AK9+AQ9 -> 1783206 | BP9: =G9+O9+W9+AE9+AL9+AR9 -> 2372486 | BQ9: =H9+P9+X9+AF9+AM9+AS9 -> 2089780 | BR9: =I9+Q9+Y9+AG9+AN9+AT9 -> 2427675 | BS9: =BL9-BC9 -> 2325178 | BT9: =BS9/BR9-1 -> -0.042220231
B10: May | E10: 620027 | F10: 829202 | G10: 746208 | H10: 736633 | I10: 785377 | J10: 812605 | K10: =J10/I10-1 -> 0.034668701 | L10: 233823 | M10: 175254 | N10: 255246 | O10: 268229 | P10: 222143 | Q10: 290595 | R10: 306345 | S10: =R10/Q10-1 -> 0.054199143 | T10: =(#REF!-#REF!)/#REF! -> #REF! | U10: 327330 | V10: 362060 | W10: 338979 | X10: 332075 | Y10: 330098 | Z10: 291001 | AA10: =Z10/Y10-1 -> -0.11844058 | AB10: 362913 | AC10: 256566 | AD10: 264743 | AE10: 288261 | AF10: 256225 | AG10: 249823 | AH10: 218502 | AI10: =AH10/AG10-1 -> -0.12537276 | AJ10: =(#REF!-#REF!)/#REF! -> #REF! | AK10: 0 | AL10: 476245 | AM10: 463962 | AN10: 528224 | AO10: 534464 | AP10: =AO10/AN10-1 -> 0.01181317 | AQ10: 135928 | AR10: 204879 | AS10: 194126 | AT10: 243123 | AU10: 264620 | AV10: =AU10/AT10-1 -> 0.088420265 | AW10: 215742 | AX10: 167216 | AY10: 194679 | AZ10: 194366 | BA10: 175238 | BB10: 180347 | BC10: 179911 | BD10: =BC10/BB10-1 -> -0.0024175617 | BE10: =(BA10-AW10)/AW10 -> -0.18774277 | BF10: =D10+L10+AB10+AW10 -> 812478 | BG10: =E10+M10+U10+AC10+AX10 -> 1546393 | BH10: =F10+N10+V10+AD10+AK10+AQ10+AY10 -> 2041858 | BI10: =G10+O10+W10+AE10+AL10+AR10+AZ10 -> 2517167 | BJ10: =H10+P10+X10+AF10+AM10+AS10+BA10 -> 2380402 | BK10: =I10+Q10+Y10+AG10+AN10+AT10+BB10 -> 2607587 | BL10: =J10+R10+Z10+AH10+AO10+AU10+BC10 -> 2607448 | BM10: =BL10/BK10-1 -> -5.3305987e-05 | BO10: =F10+N10+V10+AD10+AK10+AQ10 -> 1847179 | BP10: =G10+O10+W10+AE10+AL10+AR10 -> 2322801 | BQ10: =H10+P10+X10+AF10+AM10+AS10 -> 2205164 | BR10: =I10+Q10+Y10+AG10+AN10+AT10 -> 2427240 | BS10: =BL10-BC10 -> 2427537 | BT10: =BS10/BR10-1 -> 0.0001223612
B11: Jun | E11: 635304 | F11: 864854 | G11: 723640 | H11: 788108 | I11: 814248 | J11: 784503 | K11: =J11/I11-1 -> -0.036530639 | L11: 272424 | M11: 206365 | N11: 265836 | O11: 270798 | P11: 267407 | Q11: 277144 | R11: 312646 | S11: =R11/Q11-1 -> 0.12809947 | T11: =(#REF!-#REF!)/#REF! -> #REF! | U11: 345577 | V11: 369031 | W11: 318698 | X11: 382925 | Y11: 278079 | Z11: 296819 | AA11: =Z11/Y11-1 -> 0.067390921 | AB11: 433996 | AC11: 263396 | AD11: 252771 | AE11: 297612 | AF11: 284466 | AG11: 231875 | AH11: 214139 | AI11: =AH11/AG11-1 -> -0.076489488 | AJ11: =(#REF!-#REF!)/#REF! -> #REF! | AK11: 13790 | AL11: 460942 | AM11: 454055 | AN11: 519137 | AO11: 566311 | AP11: =AO11/AN11-1 -> 0.09087004 | AQ11: 171303 | AR11: 224107 | AS11: 228255 | AT11: 230376 | AU11: 272155 | AV11: =AU11/AT11-1 -> 0.18135136 | AW11: 216646 | AX11: 143638 | AY11: 170460 | AZ11: 183931 | BA11: 188776 | BB11: 179446 | BC11: 168680 | BD11: =BC11/BB11-1 -> -0.059995765 | BE11: =(BA11-AW11)/AW11 -> -0.12864304 | BF11: =D11+L11+AB11+AW11 -> 923066 | BG11: =E11+M11+U11+AC11+AX11 -> 1594280 | BH11: =F11+N11+V11+AD11+AK11+AQ11+AY11 -> 2108045 | BI11: =G11+O11+W11+AE11+AL11+AR11+AZ11 -> 2479728 | BJ11: =H11+P11+X11+AF11+AM11+AS11+BA11 -> 2593992 | BK11: =I11+Q11+Y11+AG11+AN11+AT11+BB11 -> 2530305 | BL11: =J11+R11+Z11+AH11+AO11+AU11+BC11 -> 2615253 | BM11: =BL11/BK11-1 -> 0.033572237 | BO11: =F11+N11+V11+AD11+AK11+AQ11 -> 1937585 | BP11: =G11+O11+W11+AE11+AL11+AR11 -> 2295797 | BQ11: =H11+P11+X11+AF11+AM11+AS11 -> 2405216 | BR11: =I11+Q11+Y11+AG11+AN11+AT11 -> 2350859 | BS11: =BL11-BC11 -> 2446573 | BT11: =BS11/BR11-1 -> 0.040714479
B12: Jul | E12: 673929 | F12: 977317 | G12: 756748 | H12: 770567 | I12: 821731 | K12: =J12/I12-1 -> -1 | L12: 278819 | M12: 192131 | N12: 287915 | O12: 288307 | P12: 260495 | Q12: 296218 | S12: =R12/Q12-1 -> -1 | U12: 363520 | V12: 394020 | W12: 375316 | X12: 376940 | Y12: 308525 | AA12: =Z12/Y12-1 -> -1 | AB12: 453996 | AC12: 212913 | AD12: 289959 | AE12: 307240 | AF12: 362520 | AG12: 234942 | AI12: =AH12/AG12-1 -> -1 | AJ12: =(#REF!-#REF!)/#REF! -> #REF! | AK12: 411007 | AL12: 503512 | AM12: 486566 | AN12: 545038 | AP12: =AO12/AN12-1 -> -1 | AQ12: 167002 | AR12: 233715 | AS12: 230380 | AT12: 234948 | AV12: =AU12/AT12-1 -> -1 | AW12: 231086 | AX12: 114392 | AY12: 185599 | AZ12: 207706 | BA12: 190782 | BB12: 182672 | BD12: =BC12/BB12-1 -> -1 | BE12: =(BA12-AW12)/AW12 -> -0.17441126 | BF12: =D12+L12+AB12+AW12 -> 963901 | BG12: =E12+M12+U12+AC12+AX12 -> 1556885 | BH12: =F12+N12+V12+AD12+AK12+AQ12+AY12 -> 2712819 | BI12: =G12+O12+W12+AE12+AL12+AR12+AZ12 -> 2672544 | BJ12: =H12+P12+X12+AF12+AM12+AS12+BA12 -> 2678250 | BK12: =I12+Q12+Y12+AG12+AN12+AT12+BB12 -> 2624074 | BM12: =BL12/BK12-1 -> -1 | BO12: =F12+N12+V12+AD12+AK12+AQ12 -> 2527220 | BP12: =G12+O12+W12+AE12+AL12+AR12 -> 2464838 | BQ12: =H12+P12+X12+AF12+AM12+AS12 -> 2487468 | BR12: =I12+Q12+Y12+AG12+AN12+AT12 -> 2441402 | BT12: =BS12/BR12-1 -> -1
B13: Ago | E13: 607072 | F13: 905401 | G13: 720064 | H13: 776206 | I13: 882284 | K13: =J13/I13-1 -> -1 | L13: 260598 | M13: 190738 | N13: 234655 | O13: 238933 | P13: 267890 | Q13: 276815 | S13: =R13/Q13-1 -> -1 | U13: 324926 | V13: 359306 | W13: 328028 | X13: 352617 | Y13: 305287 | AA13: =Z13/Y13-1 -> -1 | AB13: 510333 | AC13: 205668 | AD13: 284438 | AE13: 331145 | AF13: 292060 | AG13: 259631 | AI13: =AH13/AG13-1 -> -1 | AJ13: =(#REF!-#REF!)/#REF! -> #REF! | AK13: 471096 | AL13: 470420 | AM13: 463298 | AN13: 545816 | AP13: =AO13/AN13-1 -> -1 | AQ13: 134968 | AR13: 194172 | AS13: 210703 | AT13: 226802 | AV13: =AU13/AT13-1 -> -1 | AW13: 217147 | AX13: 125426 | AY13: 154824 | AZ13: 208605 | BA13: 200633 | BB13: 181223 | BD13: =BC13/BB13-1 -> -1 | BE13: =(BA13-AW13)/AW13 -> -0.076049865 | BF13: =D13+L13+AB13+AW13 -> 988078 | BG13: =E13+M13+U13+AC13+AX13 -> 1453830 | BH13: =F13+N13+V13+AD13+AK13+AQ13+AY13 -> 2544688 | BI13: =G13+O13+W13+AE13+AL13+AR13+AZ13 -> 2491367 | BJ13: =H13+P13+X13+AF13+AM13+AS13+BA13 -> 2563407 | BK13: =I13+Q13+Y13+AG13+AN13+AT13+BB13 -> 2677858 | BM13: =BL13/BK13-1 -> -1 | BO13: =F13+N13+V13+AD13+AK13+AQ13 -> 2389864 | BP13: =G13+O13+W13+AE13+AL13+AR13 -> 2282762 | BQ13: =H13+P13+X13+AF13+AM13+AS13 -> 2362774 | BR13: =I13+Q13+Y13+AG13+AN13+AT13 -> 2496635 | BT13: =BS13/BR13-1 -> -1
B14: Sep | E14: 552098 | F14: 856406 | G14: 701920 | H14: 705675 | I14: 774889 | K14: =J14/I14-1 -> -1 | L14: 229394 | M14: 173877 | N14: 211442 | O14: 217226 | P14: 226383 | Q14: 233049 | S14: =R14/Q14-1 -> -1 | U14: 291140 | V14: 320068 | W14: 308186 | X14: 295815 | Y14: 266171 | AA14: =Z14/Y14-1 -> -1 | AB14: 456661 | AC14: 220589 | AD14: 316958 | AE14: 276234 | AF14: 228655 | AG14: 228783 | AI14: =AH14/AG14-1 -> -1 | AJ14: =(#REF!-#REF!)/#REF! -> #REF! | AK14: 445193 | AL14: 441126 | AM14: 345718 | AN14: 488340 | AP14: =AO14/AN14-1 -> -1 | AQ14: 172818 | AR14: 194944 | AS14: 193684 | AT14: 207691 | AV14: =AU14/AT14-1 -> -1 | AW14: 192476 | AX14: 147790 | AY14: 156334 | AZ14: 193822 | BA14: 182436 | BB14: 160815 | BD14: =BC14/BB14-1 -> -1 | BE14: =(BA14-AW14)/AW14 -> -0.052162348 | BF14: =D14+L14+AB14+AW14 -> 878531 | BG14: =E14+M14+U14+AC14+AX14 -> 1385494 | BH14: =F14+N14+V14+AD14+AK14+AQ14+AY14 -> 2479219 | BI14: =G14+O14+W14+AE14+AL14+AR14+AZ14 -> 2333458 | BJ14: =H14+P14+X14+AF14+AM14+AS14+BA14 -> 2178366 | BK14: =I14+Q14+Y14+AG14+AN14+AT14+BB14 -> 2359738 | BM14: =BL14/BK14-1 -> -1 | BO14: =F14+N14+V14+AD14+AK14+AQ14 -> 2322885 | BP14: =G14+O14+W14+AE14+AL14+AR14 -> 2139636 | BQ14: =H14+P14+X14+AF14+AM14+AS14 -> 1995930 | BR14: =I14+Q14+Y14+AG14+AN14+AT14 -> 2198923 | BT14: =BS14/BR14-1 -> -1
B15: Oct | D15: 776387 | E15: 638481 | F15: 862777 | G15: 895302 | H15: 745768 | I15: 835391 | K15: =J15/I15-1 -> -1 | L15: 232904 | M15: 162379 | N15: 213243 | O15: 219134 | P15: 211964 | Q15: 213900 | S15: =R15/Q15-1 -> -1 | U15: 363652 | V15: 348781 | W15: 341046 | X15: 322656 | Y15: 275199 | AA15: =Z15/Y15-1 -> -1 | AB15: 361017 | AC15: 268200 | AD15: 331410 | AE15: 270476 | AF15: 238996 | AG15: 230863 | AI15: =AH15/AG15-1 -> -1 | AJ15: =(#REF!-#REF!)/#REF! -> #REF! | AK15: 465086 | AL15: 440077 | AM15: 438568 | AN15: 510365 | AP15: =AO15/AN15-1 -> -1 | AQ15: 186548 | AR15: 195794 | AS15: 207454 | AT15: 209204 | AV15: =AU15/AT15-1 -> -1 | AW15: 197805 | AX15: 173410 | AY15: 175109 | AZ15: 175380 | BA15: 184833 | BB15: 167390 | BD15: =BC15/BB15-1 -> -1 | BE15: =(BA15-AW15)/AW15 -> -0.065579738 | BF15: =D15+L15+AB15+AW15 -> 1568113 | BG15: =E15+M15+U15+AC15+AX15 -> 1606122 | BH15: =F15+N15+V15+AD15+AK15+AQ15+AY15 -> 2582954 | BI15: =G15+O15+W15+AE15+AL15+AR15+AZ15 -> 2537209 | BJ15: =H15+P15+X15+AF15+AM15+AS15+BA15 -> 2350239 | BK15: =I15+Q15+Y15+AG15+AN15+AT15+BB15 -> 2442312 | BM15: =BL15/BK15-1 -> -1 | BO15: =F15+N15+V15+AD15+AK15+AQ15 -> 2407845 | BP15: =G15+O15+W15+AE15+AL15+AR15 -> 2361829 | BQ15: =H15+P15+X15+AF15+AM15+AS15 -> 2165406 | BR15: =I15+Q15+Y15+AG15+AN15+AT15 -> 2274922 | BT15: =BS15/BR15-1 -> -1
B16: Nov | D16: 779434 | E16: 795789 | F16: 802432 | G16: 831861 | H16: 873375 | I16: 851122 | K16: =J16/I16-1 -> -1 | L16: 238796 | M16: 182580 | N16: 211966 | O16: 208677 | P16: 238881 | Q16: 234121 | S16: =R16/Q16-1 -> -1 | U16: 332142 | V16: 315728 | W16: 311811 | X16: 310467 | Y16: 295990 | AA16: =Z16/Y16-1 -> -1 | AB16: 412771 | AC16: 258444 | AD16: 259533 | AE16: 253397 | AF16: 250384 | AG16: 260920 | AI16: =AH16/AG16-1 -> -1 | AJ16: =(#REF!-#REF!)/#REF! -> #REF! | AK16: 494749 | AL16: 472120 | AM16: 517680 | AN16: 556152 | AP16: =AO16/AN16-1 -> -1 | AQ16: 167428 | AR16: 176079 | AS16: 211609 | AT16: 203804 | AV16: =AU16/AT16-1 -> -1 | AW16: 207716 | AX16: 184798 | AY16: 188080 | AZ16: 192857 | BA16: 195603 | BB16: 183384 | BD16: =BC16/BB16-1 -> -1 | BE16: =(BA16-AW16)/AW16 -> -0.0583152 | BF16: =D16+L16+AB16+AW16 -> 1638717 | BG16: =E16+M16+U16+AC16+AX16 -> 1753753 | BH16: =F16+N16+V16+AD16+AK16+AQ16+AY16 -> 2439916 | BI16: =G16+O16+W16+AE16+AL16+AR16+AZ16 -> 2446802 | BJ16: =H16+P16+X16+AF16+AM16+AS16+BA16 -> 2597999 | BK16: =I16+Q16+Y16+AG16+AN16+AT16+BB16 -> 2585493 | BM16: =BL16/BK16-1 -> -1 | BO16: =F16+N16+V16+AD16+AK16+AQ16 -> 2251836 | BP16: =G16+O16+W16+AE16+AL16+AR16 -> 2253945 | BQ16: =H16+P16+X16+AF16+AM16+AS16 -> 2402396 | BR16: =I16+Q16+Y16+AG16+AN16+AT16 -> 2402109 | BT16: =BS16/BR16-1 -> -1
B17: Dic | D17: 889253 | E17: 983157 | F17: 914433 | G17: 1039826 | H17: 992543 | I17: 977195 | K17: =J17/I17-1 -> -1 | L17: 295958 | M17: 283404 | N17: 288561 | O17: 272563 | P17: 289654 | Q17: 306282 | S17: =R17/Q17-1 -> -1 | U17: 401931 | V17: 408347 | W17: 374488 | X17: 368884 | Y17: 356612 | AA17: =Z17/Y17-1 -> -1 | AB17: 407286 | AC17: 323727 | AD17: 294394 | AE17: 304218 | AF17: 295230 | AG17: 276024 | AI17: =AH17/AG17-1 -> -1 | AJ17: =(#REF!-#REF!)/#REF! -> #REF! | AK17: 639621 | AL17: 628875 | AM17: 664778 | AN17: 686315 | AP17: =AO17/AN17-1 -> -1 | AQ17: 170579 | AR17: 191769 | AS17: 230944 | AT17: 233344 | AV17: =AU17/AT17-1 -> -1 | AW17: 245619 | AX17: 225029 | AY17: 220657 | AZ17: 243569 | BA17: 229116 | BB17: 212898 | BD17: =BC17/BB17-1 -> -1 | BE17: =(BA17-AW17)/AW17 -> -0.067189428 | BF17: =D17+L17+AB17+AW17 -> 1838116 | BG17: =E17+M17+U17+AC17+AX17 -> 2217248 | BH17: =F17+N17+V17+AD17+AK17+AQ17+AY17 -> 2936592 | BI17: =G17+O17+W17+AE17+AL17+AR17+AZ17 -> 3055308 | BJ17: =H17+P17+X17+AF17+AM17+AS17+BA17 -> 3071149 | BK17: =I17+Q17+Y17+AG17+AN17+AT17+BB17 -> 3048670 | BM17: =BL17/BK17-1 -> -1 | BO17: =F17+N17+V17+AD17+AK17+AQ17 -> 2715935 | BP17: =G17+O17+W17+AE17+AL17+AR17 -> 2811739 | BQ17: =H17+P17+X17+AF17+AM17+AS17 -> 2842033 | BR17: =I17+Q17+Y17+AG17+AN17+AT17 -> 2835772 | BT17: =BS17/BR17-1 -> -1
B19: SUMA | D19: =SUM(D6:D17) -> 2445074 | E19: =SUM(E6:E17) -> 7721810 | F19: =SUM(F6:F17) -> 10214920 | G19: =SUM(G6:G17) -> 9224664 | H19: =SUM(H6:H17) -> 9140513 | I19: =SUM(I6:I17) -> 9925059 | J19: =SUM(J6:J17) -> 4464509 | K19: =J19/(I6+I7+I8+I9+I10+I11)-1 -> -0.066480193 | L19: =SUM(L6:L17) -> 2939814 | M19: =SUM(M6:M17) -> 2114784 | N19: =SUM(N6:N17) -> 2784757 | O19: =SUM(O6:O17) -> 2963429 | P19: =SUM(P6:P17) -> 2867897 | Q19: =SUM(Q6:Q17) -> 3052533 | R19: =SUM(R6:R17) -> 1669979 | S19: =R19/(Q6+Q7+Q8+Q9+Q10+Q11)-1 -> 0.11917786 | U19: =SUM(U6:U17) -> 3739454 | V19: =SUM(V6:V17) -> 4106641 | W19: =SUM(W6:W17) -> 3977065 | X19: =SUM(X6:X17) -> 3925070 | Y19: =SUM(Y6:Y17) -> 3625117 | Z19: =SUM(Z6:Z17) -> 1614595 | AA19: =Z19/(Y6+Y7+Y8+Y9+Y10+Y11)-1 -> -0.11155798 | AB19: =SUM(AB6:AB17) -> 4558409 | AC19: =SUM(AC6:AC17) -> 2841089 | AD19: =SUM(AD6:AD17) -> 3263716 | AE19: =SUM(AE6:AE17) -> 3283111 | AF19: =SUM(AF6:AF17) -> 3183116 | AG19: =SUM(AG6:AG17) -> 2849805 | AH19: =SUM(AH6:AH17) -> 1255792 | AI19: =AH19/(AG6+AG7+AG8+AG9+AG10+AG11)-1 -> -0.075700589 | AK19: =SUM(AK6:AK17) -> 2940542 | AL19: =SUM(AL6:AL17) -> 5654848 | AM19: =SUM(AM6:AM17) -> 5544111 | AN19: =SUM(AN6:AN17) -> 6331168 | AO19: =SUM(AO6:AO17) -> 3065446 | AP19: =AO19/(AN6+AN7+AN8+AN9+AN10+AN11)-1 -> 0.022107656 | AQ19: =SUM(AQ6:AQ17) -> 1714961 | AR19: =SUM(AR6:AR17) -> 2387071 | AS19: =SUM(AS6:AS17) -> 2467644 | AT19: =SUM(AT6:AT17) -> 2661063 | AU19: =SUM(AU6:AU17) -> 1449221 | AV19: =AU19/(AT6+AT7+AT8+AT9+AT10+AT11)-1 -> 0.077271477 | AW19: =SUM(AW6:AW17) -> 2515733 | AX19: =SUM(AX6:AX17) -> 1790908 | AY19: =SUM(AY6:AY17) -> 2082318 | AZ19: =SUM(AZ6:AZ17) -> 2273611 | BA19: =SUM(BA6:BA17) -> 2165640 | BB19: =SUM(BB6:BB17) -> 2094628 | BC19: =SUM(BC6:BC17) -> 970684 | BD19: =BC19/(BB6+BB7+BB8+BB9+BB10+BB11)-1 -> -0.035341258 | BF19: =SUM(BF6:BF17) -> 12459030 | BG19: =SUM(BG6:BG17) -> 18208045 | BH19: =SUM(BH6:BH17) -> 27107855 | BI19: =SUM(BI6:BI17) -> 29763799 | BJ19: =SUM(BJ6:BJ17) -> 29293991 | BK19: =SUM(BK6:BK17) -> 30539373 | BL19: =SUM(BL6:BL17) -> 14490226 | BM19: =BL19/(BK6+BK7+BK8+BK9+BK10+BK11)-1 -> -0.021011905 | BO19: =SUM(BO6:BO17) -> 25025537 | BP19: =SUM(BP6:BP17) -> 27490188 | BQ19: =SUM(BQ6:BQ17) -> 27128351 | BR19: =SUM(BR6:BR17) -> 28444745 | BS19: =SUM(BS6:BS17) -> 13519542 | BT19: =BS19/(BR6+BR7+BR8+BR9+BR10)-1 -> 0.18135238
BR21: =BR19/BQ19-1 -> 0.04852466
BD22: =+BC10/BC9 -> 1.0869113
BK23: =BK19-BJ22 -> 30539373
B24: RESUMEN AFLUENCIA 2026 | L24: Enero-Junio | BR24: =BQ19*1.1 -> 29841186
B25: =B11 -> Jun | D25: MES | E25: ACUM | L25: 2021 | M25: 2022 | N25: 2023 | O25: 2024 | P25: 2025 | Q25: 2026 | R25: vs '25 | S25: vs'24 | BT25: =(BR6+BR7+BR8)/(BQ6+BQ7+BQ8)-1 -> 0.067565063
B26: P2K | D26: =K11 -> -0.036530639 | E26: =K19 -> -0.066480193 | K26: P2K | L26: =SUM(E6:E11) -> 3471284 | M26: =SUM(F6:F11) -> 4896154 | N26: =SUM(G6:G11) -> 4278943 | O26: =SUM(H6:H11) -> 4276379 | P26: =SUM(I6:I11) -> 4782447 | Q26: =SUM(J6:J11) -> 4464509 | R26: =Q26/P26-1 -> -0.066480193 | Y26: 296246 | AB26: PSI | AK26: CBA
B27: PSP | D27: =S11 -> 0.12809947 | E27: =S19 -> 0.11917786 | K27: PSP | L27: =SUM(M6:M11) -> 929675 | M27: =SUM(N6:N11) -> 1336975 | N27: =SUM(O6:O11) -> 1518589 | O27: =SUM(P6:P11) -> 1372630 | P27: =SUM(Q6:Q11) -> 1492148 | Q27: =SUM(R6:R11) -> 1669979 | R27: =Q27/P27-1 -> 0.11917786 | Y27: 302225 | AB27: 2023 | AC27: 2024 | AD27: %Dif | AK27: 2023 | AL27: 2024 | AM27: %Dif
B28: PRG | D28: =AA11 -> 0.067390921 | E28: =AA19 -> -0.11155798 | K28: PRG | L28: =SUM(U6:U11) -> 1662143 | M28: =SUM(V6:V11) -> 1960391 | N28: =SUM(W6:W11) -> 1938190 | O28: =SUM(X6:X11) -> 1897691 | P28: =SUM(Y6:Y11) -> 1817333 | Q28: =SUM(Z6:Z11) -> 1614595 | R28: =Q28/P28-1 -> -0.11155798 | AB28: =SUM(AE14:AE17) -> 1104325 | AC28: =SUM(AF14:AF17) -> 1013265 | AD28: =AC28/AB28-1 -> -0.08245761 | AK28: =SUM(AL14:AL17) -> 1982198 | AL28: =SUM(AM14:AM17) -> 1966744 | AM28: =AL28/AK28-1 -> -0.0077963957
B29: PSI | D29: =AI11 -> -0.076489488 | E29: =AI19 -> -0.075700589 | K29: PSI | L29: =SUM(AC6:AC11) -> 1351548 | M29: =SUM(AD6:AD11) -> 1487024 | N29: =SUM(AE6:AE11) -> 1540401 | O29: =SUM(AF6:AF11) -> 1515271 | P29: =SUM(AG6:AG11) -> 1358642 | Q29: =SUM(AH6:AH11) -> 1255792 | R29: =Q29/P29-1 -> -0.075700589 | S29: =Q29/O29-1 -> -0.17124264 | AB29: Dif | AC29: =AC28-AB28 -> -91060 | AK29: Dif | AL29: =AL28-AK28 -> -15454
B30: CBA | D30: =AP11 -> 0.09087004 | E30: =AP19 -> 0.022107656 | K30: CBA | N30: =SUM(AL6:AL11) -> 2698718 | O30: =SUM(AM6:AM11) -> 2627503 | P30: =SUM(AN6:AN11) -> 2999142 | Q30: =SUM(AO6:AO11) -> 3065446 | R30: =Q30/P30-1 -> 0.022107656 | S30: =Q30/O30-1 -> 0.1666765 | X30: JUN | Y30: =32313+Y11 -> 310392 | AA30: =Y30/X11-1 -> -0.18941829
B31: PV | D31: =AV11 -> 0.18135136 | E31: =AV19 -> 0.077271477 | K31: PV | M31: =SUM(AQ6:AQ11) -> 715618 | N31: =SUM(AR6:AR11) -> 1200598 | O31: =SUM(AS6:AS11) -> 1182870 | P31: =SUM(AT6:AT11) -> 1345270 | Q31: =SUM(AU6:AU11) -> 1449221 | R31: =Q31/P31-1 -> 0.077271477 | X31: JUL | Y31: =40389+Y12 -> 348914 | AA31: =Y31/X12-1 -> -0.074351356 | AE31: TTL | BQ31: <
B32: PLP | D32: =BD11 -> -0.059995765 | E32: =BD19 -> -0.035341258 | AF32: 2023 | AG32: 2024
AE33: CUL | AF33: =AB28+AK28 -> 3086523 | AG33: =AC28+AL28 -> 2980009 | AI33: =AG33/AF33-1 -> -0.034509382
B34: TTL | D34: =BM11 -> 0.033572237 | E34: =BM19 -> -0.021011905 | AF34: Dif | AG34: =AG33-AF33 -> -106514 | AR34: 2022 | AS34: 2023 | AT34: 2024 | AU34: 2025 | AV34: 2026 | BU34: Ene | BV34: Feb | BW34: Mar | BX34: Abr | BY34: May | BZ34: Jun | CD34: P2K | CE34: PSP | CF34: PRG | CG34: PSI | CH34: CBA | CI34: PV | CJ34: P2K | CK34: =CD36/CD35-1 -> 0.47606444 | CL34: =CD37/CD36-1 -> -0.13004726 | CM34: =CD38/CD37-1 -> 0.002933543 | CN34: =CD39/CD38-1 -> 0.12718624
AQ35: Ene | AR35: =AQ6 -> 76838 | AS35: =AR6 -> 183628 | AT35: =AS6 -> 188625 | AU35: =AT6 -> 209485 | AV35: =AU6 -> 214814 | BT35: 2021 | BU35: =#REF!+#REF!+#REF!+#REF!+#REF!+#REF! -> #REF! | BV35: =#REF!+#REF!+#REF!+#REF!+#REF!+#REF! -> #REF! | BW35: =#REF!+#REF!+#REF!+#REF!+#REF!+#REF! -> #REF! | BX35: =#REF!+#REF!+#REF!+#REF!+#REF!+#REF! -> #REF! | BY35: =#REF!+#REF!+#REF!+#REF!+#REF!+#REF! -> #REF! | BZ35: =#REF!+#REF!+#REF!+#REF!+#REF!+#REF! -> #REF! | CC35: 2021 | CD35: =SUM(E6:E8) -> 1595973 | CE35: =SUM(M6:M8) -> 382815 | CF35: =SUM(U6:U8) -> 714976 | CG35: =SUM(AC6:AC8) -> 593398 | CJ35: PSP | CK35: =CE36/CE35-1 -> 0.51390619 | CL35: =CE37/CE36-1 -> 0.18695151 | CM35: =CE38/CE37-1 -> -0.028946362 | CN35: =CE39/CE38-1 -> -0.0019491572
AQ36: Feb | AR36: =AQ7 -> 85678 | AS36: =AR7 -> 172325 | AT36: =AS7 -> 171179 | AU36: =AT7 -> 203585 | AV36: =AU7 -> 216079 | BT36: 2022 | BU36: =#REF!+#REF!+#REF!+#REF!+#REF!+AQ6 -> #REF! | BV36: =#REF!+#REF!+#REF!+#REF!+#REF!+AQ7 -> #REF! | BW36: =#REF!+#REF!+#REF!+#REF!+#REF!+AQ8 -> #REF! | BX36: =#REF!+#REF!+#REF!+#REF!+#REF!+AQ9 -> #REF! | BY36: =#REF!+#REF!+#REF!+#REF!+#REF!+AQ10 -> #REF! | BZ36: =#REF!+#REF!+#REF!+#REF!+#REF!+AQ11 -> #REF! | CC36: 2022 | CD36: =SUM(F6:F8) -> 2355759 | CE36: =SUM(N6:N8) -> 579546 | CF36: =SUM(V6:V8) -> 905848 | CG36: =SUM(AD6:AD8) -> 716071 | CI36: =SUM(AQ6:AQ8) -> 284758 | CJ36: PRG | CK36: =CF36/CF35-1 -> 0.26696281 | CL36: =CF37/CF36-1 -> 0.041014607 | CM36: =CF38/CF37-1 -> -0.059429417 | CN36: =CF39/CF38-1 -> -0.0173875
AQ37: Mar | AR37: =AQ8 -> 122242 | AS37: =AR8 -> 198118 | AT37: =AS8 -> 206148 | AU37: =AT8 -> 238076 | AV37: =AU8 -> 233906 | BT37: 2023 | BU37: =#REF!+#REF!+#REF!+#REF!+AR6+#REF! -> #REF! | BV37: =#REF!+#REF!+#REF!+#REF!+#REF!+AR7 -> #REF! | BW37: =#REF!+#REF!+#REF!+#REF!+#REF!+AR8 -> #REF! | BX37: =#REF!+#REF!+#REF!+#REF!+#REF!+AR9 -> #REF! | BY37: =#REF!+#REF!+#REF!+#REF!+#REF!+AR10 -> #REF! | BZ37: =#REF!+#REF!+#REF!+#REF!+AR11+#REF! -> #REF! | CC37: 2023 | CD37: =SUM(G6:G8) -> 2049399 | CE37: =SUM(O6:O8) -> 687893 | CF37: =SUM(W6:W8) -> 943001 | CG37: =SUM(AE6:AE8) -> 681025 | CH37: =SUM(AL6:AL8) -> 1268966 | CI37: =SUM(AR6:AR8) -> 554071 | CJ37: PSI | CK37: =CG36/CG35-1 -> 0.20672972 | CL37: =CG37/CG36-1 -> -0.048942074 | CM37: =CG38/CG37-1 -> 0.074025183 | CN37: =CG39/CG38-1 -> -0.11876058
AQ38: Abr | AR38: =AQ9 -> 123629 | AS38: =AR9 -> 217541 | AT38: =AS9 -> 194537 | AU38: =AT9 -> 220625 | AV38: =AU9 -> 247647 | BT38: 2024 | BU38: =#REF!+#REF!+#REF!+#REF!+AS6+D6 -> #REF! | BV38: =D7+#REF!+#REF!+#REF!+#REF!+AS7 -> #REF! | BW38: =D8+#REF!+#REF!+#REF!+#REF!+AS8 -> #REF! | BX38: =D9+#REF!+#REF!+#REF!+#REF!+AS9 -> #REF! | BY38: =D10+#REF!+#REF!+#REF!+#REF!+AS10 -> #REF! | BZ38: =D11+#REF!+#REF!+#REF!+#REF!+AS11 -> #REF! | CC38: 2024 | CD38: =SUM(H6:H8) -> 2055411 | CE38: =SUM(P6:P8) -> 667981 | CF38: =SUM(X6:X8) -> 886959 | CG38: =SUM(AF6:AF8) -> 731438 | CH38: =SUM(AM6:AM8) -> 1264443 | CI38: =SUM(AS6:AS8) -> 565952 | CJ38: CBA | CK38: =CH38/CH37-1 -> -0.0035643193 | CL38: =CH39/CH38-1 -> 0.13761
AQ39: May | AR39: =AQ10 -> 135928 | AS39: =AR10 -> 204879 | AT39: =AS10 -> 194126 | AU39: =AT10 -> 243123 | AV39: =AU10 -> 264620 | CC39: 2025 | CD39: =SUM(I6:I8) -> 2316831 | CE39: =SUM(Q6:Q8) -> 666679 | CF39: =SUM(Y6:Y8) -> 871537 | CG39: =SUM(AG6:AG8) -> 644572 | CH39: =SUM(AN6:AN8) -> 1438443 | CI39: =SUM(AT6:AT8) -> 651146 | CJ39: PV | CK39: =CI37/CI36-1 -> 0.94576096 | CL39: =CI38/CI37-1 -> 0.0214431 | CM39: =CI39/CI38-1 -> 0.1505322
AQ40: Jun | AR40: =AQ11 -> 171303 | AS40: =AR11 -> 224107 | AT40: =AS11 -> 228255 | AU40: =AT11 -> 230376 | AV40: =AU11 -> 272155 | CC40: 2026 | CD40: =SUM(J6:J8) -> 2103214 | CE40: =SUM(R6:R8) -> 750952 | CF40: =SUM(Z6:Z8) -> 745892 | CG40: =SUM(AH6:AH8) -> 600270 | CH40: =SUM(AO6:AO8) -> 1455127 | CI40: =SUM(AU6:AU8) -> 664799
AQ41: Jul | AR41: =AQ12 -> 167002 | AS41: =AR12 -> 233715 | AT41: =AS12 -> 230380 | AU41: =AT12 -> 234948 | AV41: =AU12 -> 0 | CD41: =CD40/CD39-1 -> -0.092202237 | CE41: =CE40/CE39-1 -> 0.12640716 | CF41: =CF40/CF39-1 -> -0.14416485 | CG41: =CG40/CG39-1 -> -0.068730879 | CH41: =CH40/CH39-1 -> 0.011598652 | CI41: =CI40/CI39-1 -> 0.020967648
AQ42: Ago | AR42: =AQ13 -> 134968 | AS42: =AR13 -> 194172 | AT42: =AS13 -> 210703 | AU42: =AT13 -> 226802 | AV42: =AU13 -> 0
AA43: P2K | AB43: PSP | AC43: PRG | AD43: PSI | AE43: CBA | AF43: PV | AQ43: Sep | AR43: =AQ14 -> 172818 | AS43: =AR14 -> 194944 | AT43: =AS14 -> 193684 | AU43: =AT14 -> 207691 | AV43: =AU14 -> 0
Y44: 2021 | AQ44: Oct | AR44: =AQ15 -> 186548 | AS44: =AR15 -> 195794 | AT44: =AS15 -> 207454 | AU44: =AT15 -> 209204 | AV44: =AU15 -> 0
Y45: 2022 | AQ45: Nov | AR45: =AQ16 -> 167428 | AS45: =AR16 -> 176079 | AT45: =AS16 -> 211609 | AU45: =AT16 -> 203804
Y46: 2023 | AQ46: Dic | AR46: =AQ17 -> 170579 | AS46: =AR17 -> 191769 | AT46: =AS17 -> 230944 | AU46: =AT17 -> 233344
Y47: 2024
Y48: 2025
AR52: 2022 | AS52: =SUM(AR35:AR46) -> 1714961
AR53: 2023 | AS53: =SUM(AS35:AS46) -> 2387071 | AT53: =AS53/AS52-1 -> 0.39190979
AR54: 2024 | AS54: =SUM(AT35:AT46) -> 2467644 | AT54: =AS54/AS53-1 -> 0.033753919
AR55: 2025 | AS55: =SUM(AU35:AU46) -> 2661063 | AT55: =AS55/AS54-1 -> 0.078382052 | AV55: 2021
AV56: 2022
AV57: 2023
AV58: 2024

Sheet AFORO
A1: AFORO VEHICULAR PLAZAS
B3: P2K | H3: PSP | N3: PRG | T3: PC | Z3: PSI | AF3: PPA | AL3: PPB | AP3: CBA | AV3: PV | BB3: PLP | BH3: PPE | BN3: TTL MES | BU3: PORTAFOLIO ARCO
B4: 2022 | C4: 2023 | D4: 2024 | E4: 2025 | F4: 2026 | G4: DIF | H4: 2022 | I4: 2023 | J4: 2024 | K4: 2025 | L4: 2026 | M4: DIF | N4: 2022 | O4: 2023 | P4: 2024 | Q4: 2025 | R4: 2026 | S4: 2025 | T4: 2022 | U4: 2023 | V4: 2024 | W4: 2025 | X4: 2026 | Y4: DIF | Z4: 2022 | AA4: 2023 | AB4: 2024 | AC4: 2025 | AD4: 2026 | AE4: DIF | AF4: 2022 | AG4: 2023 | AH4: 2024 | AI4: 2025 | AJ4: 2026 | AK4: DIF | AL4: 2024 | AM4: 2023 | AN4: 2022 | AO4: DIF | AP4: 2022 | AQ4: 2023 | AR4: 2024 | AS4: 2025 | AT4: 2026 | AU4: DIF | AV4: 2022 | AW4: 2023 | AX4: 2024 | AY4: 2025 | AZ4: 2026 | BA4: DIF | BB4: 2022 | BC4: 2023 | BD4: 2024 | BE4: 2025 | BF4: 2026 | BG4: DIF | BH4: 2022 | BI4: 2023 | BJ4: 2024 | BK4: 2025 | BL4: 2026 | BM4: DIF | BN4: 2022 | BO4: 2023 | BP4: 2024 | BQ4: 2025 | BR4: 2026 | BS4: DIF | BU4: 2022 | BV4: 2023 | BW4: 2024 | BX4: 2025 | BY4: 2026 | BZ4: DIF
A6: ENE | B6: 250565 | C6: 246680 | D6: 250584 | E6: 258887 | F6: 233177 | G6: =F6/E6-1 -> -0.099309737 | H6: 174664 | I6: 221780 | J6: 204045 | K6: 198019 | L6: 197653 | M6: =L6/K6-1 -> -0.0018483075 | N6: 203521 | O6: 202405 | P6: 190042 | Q6: 158744 | R6: 165627 | S6: =R6/Q6-1 -> 0.043359119 | T6: 79886 | U6: 88356 | V6: 92123 | W6: 90628 | X6: 118192 | Y6: =X6/W6-1 -> 0.30414441 | Z6: 112783 | AA6: 114062 | AB6: 113411 | AC6: 94209 | AD6: 90663 | AE6: =AD6/AC6-1 -> -0.037639716 | AF6: 63521 | AG6: 74755 | AH6: 73295 | AI6: 75469 | AJ6: 67730 | AK6: =AJ6/AI6-1 -> -0.10254542 | AL6: 75405 | AM6: 73727 | AN6: 64439 | AO6: =(AL6-AM6)/AM6 -> 0.02275964 | AQ6: 118634 | AR6: 138765 | AS6: 141331 | AT6: 144544 | AU6: =AT6/AS6-1 -> 0.022733866 | AW6: 106554 | AX6: 110591 | AY6: 114146 | AZ6: 102376 | BA6: =AZ6/AY6-1 -> -0.10311356 | BB6: 148388 | BC6: 183476 | BD6: 190361 | BE6: 180486 | BF6: 183037 | BG6: =BF6/BE6-1 -> 0.01413406 | BI6: 49102 | BJ6: 35453 | BK6: 55878 | BM6: =BL6/BK6-1 -> -1 | BN6: =B6+H6+N6+T6+Z6+AF6+AP6+AV6+BB6+BH6 -> 1033328 | BO6: =C6+I6+O6+U6+AA6+AG6+AQ6+AW6+BC6+BI6 -> 1405804 | BP6: =D6+J6+P6+V6+AB6+AH6+AR6+AX6+BD6+BJ6 -> 1398670 | BQ6: =E6+K6+Q6+W6+AC6+AI6+AS6+AY6+BE6+BK6 -> 1367797 | BR6: =F6+L6+R6+X6+AD6+AJ6+AT6+AZ6+BF6+BL6 -> 1302999 | BS6: =BR6/BQ6-1 -> -0.047373989 | BU6: =BN6-BB6-BH6 -> 884940 | BV6: =BO6-BC6-BI6 -> 1173226 | BW6: =BP6-BD6-BJ6 -> 1172856 | BX6: =BQ6-BE6-BK6 -> 1131433 | BY6: =BR6-BF6-BL6 -> 1119962 | BZ6: =BY6/BX6-1 -> -0.01013847
A7: FEB | B7: 243117 | C7: 228143 | D7: 242483 | E7: 244488 | F7: 231278 | G7: =F7/E7-1 -> -0.054031282 | H7: 192907 | I7: 201018 | J7: 195947 | K7: 185451 | L7: 180300 | M7: =L7/K7-1 -> -0.027775531 | N7: 196249 | O7: 191201 | P7: 180523 | Q7: 146553 | R7: 146250 | S7: =R7/Q7-1 -> -0.0020675114 | T7: 82545 | U7: 73498 | V7: 100656 | W7: 79957 | X7: 123010 | Y7: =X7/W7-1 -> 0.53845192 | Z7: 114531 | AA7: 108216 | AB7: 111464 | AC7: 91867 | AD7: 87372 | AE7: =AD7/AC7-1 -> -0.048929431 | AF7: 58893 | AG7: 58528 | AH7: 60672 | AI7: 63564 | AJ7: 68875 | AK7: =AJ7/AI7-1 -> 0.083553584 | AM7: 69030 | AN7: 55937 | AO7: =(AL7-AM7)/AM7 -> -1 | AQ7: 117598 | AR7: 133520 | AS7: 133079 | AT7: 132377 | AU7: =AT7/AS7-1 -> -0.0052750622 | AW7: 100481 | AX7: 105337 | AY7: 107505 | AZ7: 102429 | BA7: =AZ7/AY7-1 -> -0.047216409 | BB7: 141593 | BC7: 148938 | BD7: 138313 | BE7: 173355 | BF7: 159092 | BG7: =BF7/BE7-1 -> -0.082276254 | BI7: 46339 | BJ7: 46270 | BK7: 23530 | BM7: =BL7/BK7-1 -> -1 | BN7: =B7+H7+N7+T7+Z7+AF7+AP7+AV7+BB7+BH7 -> 1029835 | BO7: =C7+I7+O7+U7+AA7+AG7+AQ7+AW7+BC7+BI7 -> 1273960 | BP7: =D7+J7+P7+V7+AB7+AH7+AR7+AX7+BD7+BJ7 -> 1315185 | BQ7: =E7+K7+Q7+W7+AC7+AI7+AS7+AY7+BE7+BK7 -> 1249349 | BR7: =F7+L7+R7+X7+AD7+AJ7+AT7+AZ7+BF7+BL7 -> 1230983 | BS7: =BR7/BQ7-1 -> -0.014700456 | BU7: =BN7-BB7-BH7 -> 888242 | BV7: =BO7-BC7-BI7 -> 1078683 | BW7: =BP7-BD7-BJ7 -> 1130602 | BX7: =BQ7-BE7-BK7 -> 1052464 | BY7: =BR7-BF7-BL7 -> 1071891 | BZ7: =BY7/BX7-1 -> 0.018458589
A8: MAR | B8: 274873 | C8: 247650 | D8: 264918 | E8: 268202 | F8: 256909 | G8: =F8/E8-1 -> -0.042106323 | H8: 224286 | I8: 221110 | J8: 207663 | K8: 199836 | L8: 199581 | M8: =L8/K8-1 -> -0.0012760464 | N8: 216605 | O8: 211876 | P8: 207128 | Q8: 166014 | R8: 165628 | S8: =R8/Q8-1 -> -0.0023251051 | T8: 89130 | U8: 79963 | V8: 89651 | W8: 91574 | X8: 137531 | Y8: =X8/W8-1 -> 0.50185642 | Z8: 125636 | AA8: 110258 | AB8: 117749 | AC8: 100720 | AD8: 94904 | AE8: =AD8/AC8-1 -> -0.057744241 | AF8: 89845 | AG8: 60645 | AH8: 89645 | AI8: 74686 | AJ8: 78536 | AK8: =AJ8/AI8-1 -> 0.051549152 | AM8: 74755 | AN8: 63326 | AO8: =(AL8-AM8)/AM8 -> -1 | AQ8: 135512 | AR8: 134215 | AS8: 147221 | AT8: 144700 | AU8: =AT8/AS8-1 -> -0.017123916 | AW8: 112578 | AX8: 110910 | AY8: 115173 | AZ8: 110072 | BA8: =AZ8/AY8-1 -> -0.044289894 | BB8: 170517 | BC8: 164984 | BD8: 140943 | BE8: 168029 | BF8: 188366 | BG8: =BF8/BE8-1 -> 0.12103268 | BI8: 43950 | BJ8: 55857 | BK8: 43485 | BM8: =BL8/BK8-1 -> -1 | BN8: =B8+H8+N8+T8+Z8+AF8+AP8+AV8+BB8+BH8 -> 1190892 | BO8: =C8+I8+O8+U8+AA8+AG8+AQ8+AW8+BC8+BI8 -> 1388526 | BP8: =D8+J8+P8+V8+AB8+AH8+AR8+AX8+BD8+BJ8 -> 1418679 | BQ8: =E8+K8+Q8+W8+AC8+AI8+AS8+AY8+BE8+BK8 -> 1374940 | BR8: =F8+L8+R8+X8+AD8+AJ8+AT8+AZ8+BF8+BL8 -> 1376227 | BS8: =BR8/BQ8-1 -> 0.00093604085 | BU8: =BN8-BB8-BH8 -> 1020375 | BV8: =BO8-BC8-BI8 -> 1179592 | BW8: =BP8-BD8-BJ8 -> 1221879 | BX8: =BQ8-BE8-BK8 -> 1163426 | BY8: =BR8-BF8-BL8 -> 1187861 | BZ8: =BY8/BX8-1 -> 0.021002625
A9: ABR | B9: 266376 | C9: 253072 | D9: 253254 | E9: 263203 | F9: 256384 | G9: =F9/E9-1 -> -0.025907759 | H9: 210811 | I9: 227470 | J9: 202870 | K9: 203481 | L9: 205009 | M9: =L9/K9-1 -> 0.0075093006 | N9: 217978 | O9: 216978 | P9: 191810 | Q9: 168964 | R9: 167447 | S9: =R9/Q9-1 -> -0.0089782439 | T9: 91032 | U9: 72682 | V9: 87575 | W9: 85668 | X9: 128926 | Y9: =X9/W9-1 -> 0.50494934 | Z9: 127770 | AA9: 125665 | AB9: 116399 | AC9: 100596 | AD9: 97206 | AE9: =AD9/AC9-1 -> -0.033699153 | AF9: 67137 | AG9: 70869 | AH9: 85809 | AI9: 70769 | AJ9: 87110 | AK9: =AJ9/AI9-1 -> 0.23090619 | AM9: 76718 | AN9: 56633 | AO9: =(AL9-AM9)/AM9 -> -1 | AQ9: 134759 | AR9: 147123 | AS9: 145678 | AT9: 145836 | AU9: =AT9/AS9-1 -> 0.0010845838 | AW9: 113104 | AX9: 108717 | AY9: 109523 | AZ9: 111602 | BA9: =AZ9/AY9-1 -> 0.018982314 | BB9: 210485 | BC9: 157266 | BD9: 133377 | BE9: 169468 | BF9: 185913 | BG9: =BF9/BE9-1 -> 0.097038969 | BI9: 40270 | BJ9: 56475 | BK9: 46790 | BM9: =BL9/BK9-1 -> -1 | BN9: =B9+H9+N9+T9+Z9+AF9+AP9+AV9+BB9+BH9 -> 1191589 | BO9: =C9+I9+O9+U9+AA9+AG9+AQ9+AW9+BC9+BI9 -> 1412135 | BP9: =D9+J9+P9+V9+AB9+AH9+AR9+AX9+BD9+BJ9 -> 1383409 | BQ9: =E9+K9+Q9+W9+AC9+AI9+AS9+AY9+BE9+BK9 -> 1364140 | BR9: =F9+L9+R9+X9+AD9+AJ9+AT9+AZ9+BF9+BL9 -> 1385433 | BS9: =BR9/BQ9-1 -> 0.015609102 | BU9: =BN9-BB9-BH9 -> 981104 | BV9: =BO9-BC9-BI9 -> 1214599 | BW9: =BP9-BD9-BJ9 -> 1193557 | BX9: =BQ9-BE9-BK9 -> 1147882 | BY9: =BR9-BF9-BL9 -> 1199520 | BZ9: =BY9/BX9-1 -> 0.04498546
A10: MAY | B10: 285596 | C10: 263040 | D10: 272521 | E10: 290116 | F10: 272158 | G10: =F10/E10-1 -> -0.061899378 | H10: 243039 | I10: 233473 | J10: 211702 | K10: 225115 | L10: 215977 | M10: =L10/K10-1 -> -0.040592586 | N10: 226188 | O10: 220603 | P10: 214778 | Q10: 186665 | R10: 173761 | S10: =R10/Q10-1 -> -0.069129189 | T10: 91515 | U10: 85242 | V10: 85463 | W10: 91517 | X10: 129827 | Y10: =X10/W10-1 -> 0.41861075 | Z10: 135612 | AA10: 128767 | AB10: 120280 | AC10: 108953 | AD10: 98976 | AE10: =AD10/AC10-1 -> -0.091571595 | AF10: 54989 | AG10: 60679 | AH10: 76169 | AI10: 78360 | AJ10: 87083 | AK10: =AJ10/AI10-1 -> 0.11131955 | AM10: 75198 | AN10: 62475 | AO10: =(AL10-AM10)/AM10 -> -1 | AQ10: 146367 | AR10: 159056 | AS10: 159124 | AT10: 145836 | AU10: =AT10/AS10-1 -> -0.083507202 | AW10: 116216 | AX10: 112574 | AY10: 122805 | AZ10: 120308 | BA10: =AZ10/AY10-1 -> -0.020333048 | BB10: 193304 | BC10: 153318 | BD10: 139166 | BE10: 183261 | BF10: 196405 | BG10: =BF10/BE10-1 -> 0.071722843 | BI10: 39600 | BJ10: 54748 | BK10: 44428 | BM10: =BL10/BK10-1 -> -1 | BN10: =B10+H10+N10+T10+Z10+AF10+AP10+AV10+BB10+BH10 -> 1230243 | BO10: =C10+I10+O10+U10+AA10+AG10+AQ10+AW10+BC10+BI10 -> 1447305 | BP10: =D10+J10+P10+V10+AB10+AH10+AR10+AX10+BD10+BJ10 -> 1446457 | BQ10: =E10+K10+Q10+W10+AC10+AI10+AS10+AY10+BE10+BK10 -> 1490344 | BR10: =F10+L10+R11+X10+AD10+AJ10+AT10+AZ10+BF10+BL10 -> 1440913 | BS10: =BR10/BQ10-1 -> -0.03316751 | BU10: =BN10-BB10-BH10 -> 1036939 | BV10: =BO10-BC10-BI10 -> 1254387 | BW10: =BP10-BD10-BJ10 -> 1252543 | BX10: =BQ10-BE10-BK10 -> 1262655 | BY10: =BR10-BF10-BL10 -> 1244508 | BZ10: =BY10/BX10-1 -> -0.014372097
A11: JUN | B11: 276908 | C11: 260807 | D11: 282713 | E11: 278358 | F11: 272816 | G11: =F11/E11-1 -> -0.019909613 | H11: 238737 | I11: 227859 | J11: 226324 | K11: 213146 | L11: 211240 | M11: =L11/K11-1 -> -0.0089422274 | N11: 217727 | O11: 217818 | P11: 225434 | Q11: 177825 | R11: 174343 | S11: =R11/Q11-1 -> -0.019581049 | T11: 83202 | U11: 75410 | V11: 79280 | W11: 89338 | X11: 128356 | Y11: =X11/W11-1 -> 0.43674584 | Z11: 130204 | AA11: 124389 | AB11: 124409 | AC11: 102928 | AD11: 98729 | AE11: =AD11/AC11-1 -> -0.040795508 | AF11: 43501 | AG11: 66646 | AH11: 83393 | AI11: 78811 | AJ11: 84065 | AK11: =AJ11/AI11-1 -> 0.066665821 | AM11: 72002 | AN11: 58231 | AO11: =(AL11-AM11)/AM11 -> -1 | AQ11: 140423 | AR11: 154718 | AS11: 156452 | AT11: 162701 | AU11: =AT11/AS11-1 -> 0.039941963 | AW11: 120214 | AX11: 125821 | AY11: 115700 | AZ11: 122264 | BA11: =AZ11/AY11-1 -> 0.05673293 | BB11: 173008 | BC11: 152957 | BD11: 164304 | BE11: 174157 | BF11: 180786 | BG11: =BF11/BE11-1 -> 0.038063357 | BH11: 40959 | BI11: 33661 | BJ11: 46990 | BK11: 43867 | BM11: =BL11/BK11-1 -> -1 | BN11: =B11+H11+N11+T11+Z11+AF11+AP11+AV11+BB11+BH11 -> 1204246 | BO11: =C11+I11+O11+U11+AA11+AG11+AQ11+AW11+BC11+BI11 -> 1420184 | BP11: =D11+J11+P11+V11+AB11+AH11+AR11+AX11+BD11+BJ11 -> 1513386 | BQ11: =E11+K11+Q11+W11+AC11+AI11+AS11+AY11+BE11+BK11 -> 1430582 | BR11: =F11+L11+R11+X11+AD11+AJ11+AT11+AZ11+BF11+BL11 -> 1435300 | BS11: =BR11/BQ11-1 -> 0.0032979585 | BU11: =BN11-BB11-BH11 -> 990279 | BV11: =BO11-BC11-BI11 -> 1233566 | BW11: =BP11-BD11-BJ11 -> 1302092 | BX11: =BQ11-BE11-BK11 -> 1212558 | BY11: =BR11-BF11-BL11 -> 1254514 | BZ11: =BY11/BX11-1 -> 0.034601231
A12: JUL | B12: 294078 | C12: 281329 | D12: 289997 | E12: 288662 | G12: =F12/E12-1 -> -1 | H12: 245030 | I12: 239590 | J12: 222731 | K12: 219661 | M12: =L12/K12-1 -> -1 | N12: 212607 | O12: 219526 | P12: 230141 | Q12: 189839 | S12: =R13/Q12-1 -> -1 | T12: 90513 | U12: 73166 | V12: 85146 | W12: 90688 | Y12: =X12/W12-1 -> -1 | Z12: 141008 | AA12: 131253 | AB12: 125020 | AC12: 100211 | AE12: =AD12/AC12-1 -> -1 | AF12: 73386 | AG12: 70355 | AH12: 93038 | AI12: 96534 | AK12: =AJ12/AI12-1 -> -1 | AM12: 74768 | AN12: 61733 | AO12: =(AL12-AM12)/AM12 -> -1 | AQ12: 145914 | AR12: 161827 | AS12: 156674 | AU12: =AT12/AS12-1 -> -1 | AW12: 122015 | AX12: 122130 | AY12: 117455 | BA12: =AZ12/AY12-1 -> -1 | BB12: 173332 | BC12: 159046 | BD12: 202373 | BE12: 186775 | BG12: =BF12/BE12-1 -> -1 | BH12: 44709 | BI12: 28646 | BJ12: 47381 | BK12: 41643 | BM12: =BL12/BK12-1 -> -1 | BN12: =B12+H12+N12+T12+Z12+AF12+AP12+AV12+BB12+BH12 -> 1274663 | BO12: =C12+I12+O12+U12+AA12+AG12+AQ12+AW12+BC12+BI12 -> 1470840 | BP12: =D12+J12+P12+V12+AB12+AH12+AR12+AX12+BD12+BJ12 -> 1579784 | BQ12: =E12+K12+Q12+W12+AC12+AI12+AS12+AY12+BE12+BK12 -> 1488142 | BR12: =F12+L12+R12+X12+AD12+AJ12+AT12+AZ12+BF12+BL12 -> 0 | BS12: =BR12/BQ12-1 -> -1 | BU12: =BN12-BB12-BH12 -> 1056622 | BV12: =BO12-BC12-BI12 -> 1283148 | BW12: =BP12-BD12-BJ12 -> 1330030 | BX12: =BQ12-BE12-BK12 -> 1259724 | BY12: =BR12-BF12-BL12 -> 0 | BZ12: =BY12/BX12-1 -> -1
A13: AGO | B13: 268601 | C13: 280837 | D13: 289022 | E13: 297682 | G13: =F13/E13-1 -> -1 | H13: 227211 | I13: 221742 | J13: 226047 | K13: 211282 | M13: =L13/K13-1 -> -1 | N13: 207527 | O13: 214397 | P13: 218193 | Q13: 180835 | S13: =R13/Q13-1 -> -1 | T13: 88636 | U13: 78306 | V13: 80047 | W13: 99517 | Y13: =X13/W13-1 -> -1 | Z13: 138096 | AA13: 133112 | AB13: 125661 | AC13: 108424 | AE13: =AD13/AC13-1 -> -1 | AF13: 63665 | AG13: 77578 | AH13: 75406 | AI13: 82471 | AK13: =AJ13/AI13-1 -> -1 | AM13: 67200 | AN13: 64237 | AO13: =(AL13-AM13)/AM13 -> -1 | AQ13: 139648 | AR13: 153503 | AS13: 152531 | AU13: =AT13/AS13-1 -> -1 | AW13: 109314 | AX13: 116686 | AY13: 113038 | BA13: =AZ13/AY13-1 -> -1 | BB13: 185875 | BC13: 136480 | BD13: 164304 | BE13: 190146 | BG13: =BF13/BE13-1 -> -1 | BH13: 41951 | BI13: 21929 | BJ13: 49645 | BK13: 49864 | BM13: =BL13/BK13-1 -> -1 | BN13: =B13+H13+N13+T13+Z13+AF13+AP13+AV13+BB13+BH13 -> 1221562 | BO13: =C13+I13+O13+U13+AA13+AG13+AQ13+AW13+BC13+BI13 -> 1413343 | BP13: =D13+J13+P13+V13+AB13+AH13+AR13+AX13+BD13+BJ13 -> 1498514 | BQ13: =E13+K13+Q13+W13+AC13+AI13+AS13+AY13+BE13+BK13 -> 1485790 | BR13: =F13+L13+R13+X13+AD13+AJ13+AT13+AZ13+BF13+BL13 -> 0 | BS13: =BR13/BQ13-1 -> -1 | BU13: =BN13-BB13-BH13 -> 993736 | BV13: =BO13-BC13-BI13 -> 1254934 | BW13: =BP13-BD13-BJ13 -> 1284565 | BX13: =BQ13-BE13-BK13 -> 1245780 | BY13: =BR13-BF13-BL13 -> 0 | BZ13: =BY13/BX13-1 -> -1
A14: SEP | B14: 198116 | C14: 263201 | D14: 264687 | E14: 272481 | G14: =F14/E14-1 -> -1 | H14: 213300 | I14: 210212 | J14: 203999 | K14: 198171 | M14: =L14/K14-1 -> -1 | N14: 209758 | O14: 206171 | P14: 171688 | Q14: 168650 | S14: =R14/Q14-1 -> -1 | T14: 89939 | U14: 84481 | V14: 81208 | W14: 95393 | Y14: =X14/W14-1 -> -1 | Z14: 123648 | AA14: 125694 | AB14: 102955 | AC14: 101301 | AE14: =AD14/AC14-1 -> -1 | AF14: 59042 | AG14: 58348 | AH14: 53119 | AI14: 77343 | AK14: =AJ14/AI14-1 -> -1 | AM14: 77014 | AN14: 66603 | AO14: =(AL14-AM14)/AM14 -> -1 | AQ14: 139927 | AR14: 106528 | AS14: 144585 | AU14: =AT14/AS14-1 -> -1 | AV14: 101461 | AW14: 108072 | AX14: 105745 | AY14: 108071 | BA14: =AZ14/AY14-1 -> -1 | BB14: 164687 | BC14: 179123 | BD14: 167805 | BE14: 171890 | BG14: =BF14/BE14-1 -> -1 | BH14: 24618 | BI14: 17221 | BJ14: 44631 | BK14: 48453 | BM14: =BL14/BK14-1 -> -1 | BN14: =B14+H14+N14+T14+Z14+AF14+AP14+AV14+BB14+BH14 -> 1184569 | BO14: =C14+I14+O14+U14+AA14+AG14+AQ14+AW14+BC14+BI14 -> 1392450 | BP14: =D14+J14+P14+V14+AB14+AH14+AR14+AX14+BD14+BJ14 -> 1302365 | BQ14: =E14+K14+Q14+W14+AC14+AI14+AS14+AY14+BE14+BK14 -> 1386338 | BR14: =F14+L14+R14+X14+AD14+AJ14+AT14+AZ14+BF14+BL14 -> 0 | BS14: =BR14/BQ14-1 -> -1 | BU14: =BN14-BB14-BH14 -> 995264 | BV14: =BO14-BC14-BI14 -> 1196106 | BW14: =BP14-BD14-BJ14 -> 1089929 | BX14: =BQ14-BE14-BK14 -> 1165995 | BY14: =BR14-BF14-BL14 -> 0 | BZ14: =BY14/BX14-1 -> -1
A15: OCT | B15: 204138 | C15: 275896 | D15: 275569 | E15: 282408 | G15: =F15/E15-1 -> -1 | H15: 223460 | I15: 214226 | J15: 203182 | K15: 195801 | M15: =L15/K15-1 -> -1 | N15: 217742 | O15: 210597 | P15: 177975 | Q15: 171928 | S15: =R15/Q15-1 -> -1 | T15: 90995 | U15: 92942 | V15: 88071 | W15: 96973 | Y15: =X15/W15-1 -> -1 | Z15: 130746 | AA15: 127080 | AB15: 108164 | AC15: 101028 | AE15: =AD15/AC15-1 -> -1 | AF15: 62397 | AG15: 70291 | AH15: 76196 | AI15: 78977 | AK15: =AJ15/AI15-1 -> -1 | AM15: 74429 | AN15: 72873 | AO15: =(AL15-AM15)/AM15 -> -1 | AP15: 56995 | AQ15: 136582 | AR15: 134395 | AS15: 150176 | AU15: =AT15/AS15-1 -> -1 | AV15: 101480 | AW15: 107668 | AX15: 110135 | AY15: 109416 | BA15: =AZ15/AY15-1 -> -1 | BB15: 185514 | BC15: 201556 | BD15: 168817 | BE15: 191433 | BG15: =BF15/BE15-1 -> -1 | BH15: 25438 | BI15: 16920 | BJ15: 54060 | BK15: 50826 | BM15: =BL15/BK15-1 -> -1 | BN15: =B15+H15+N15+T15+Z15+AF15+AP15+AV15+BB15+BH15 -> 1298905 | BO15: =C15+I15+O15+U15+AA15+AG15+AQ15+AW15+BC15+BI15 -> 1453758 | BP15: =D15+J15+P15+V15+AB15+AH15+AR15+AX15+BD15+BJ15 -> 1396564 | BQ15: =E15+K15+Q15+W15+AC15+AI15+AS15+AY15+BE15+BK15 -> 1428966 | BR15: =F15+L15+R15+X15+AD15+AJ15+AT15+AZ15+BF15+BL15 -> 0 | BS15: =BR15/BQ15-1 -> -1 | BU15: =BN15-BB15-BH15 -> 1087953 | BV15: =BO15-BC15-BI15 -> 1235282 | BW15: =BP15-BD15-BJ15 -> 1173687 | BX15: =BQ15-BE15-BK15 -> 1186707 | BY15: =BR15-BF15-BL15 -> 0 | BZ15: =BY15/BX15-1 -> -1
A16: NOV | B16: 198116 | C16: 275811 | D16: 288542 | E16: 292005 | G16: =F16/E16-1 -> -1 | H16: 216522 | I16: 210378 | J16: 208874 | K16: 202932 | M16: =L16/K16-1 -> -1 | N16: 207263 | O16: 207265 | P16: 180413 | Q16: 178905 | S16: =R16/Q16-1 -> -1 | T16: 113671 | U16: 85560 | V16: 88237 | W16: 105206 | Y16: =X16/W16-1 -> -1 | Z16: 122874 | AA16: 120826 | AB16: 107986 | AC16: 102146 | AE16: =AD16/AC16-1 -> -1 | AF16: 73627 | AG16: 68097 | AH16: 65661 | AI16: 74175 | AK16: =AJ16/AI16-1 -> -1 | AM16: 69161 | AN16: 73500 | AO16: =(AL16-AM16)/AM16 -> -1 | AP16: 131599 | AQ16: 145325 | AR16: 148086 | AS16: 154699 | AU16: =AT16/AS16-1 -> -1 | AV16: 99023 | AW16: 101710 | AX16: 114610 | AY16: 101770 | BA16: =AZ16/AY16-1 -> -1 | BB16: 238931 | BC16: 184252 | BD16: 205349 | BE16: 206361 | BG16: =BF16/BE16-1 -> -1 | BH16: 27128 | BI16: 31977 | BJ16: 58632 | BK16: 50940 | BM16: =BL16/BK16-1 -> -1 | BN16: =H16+N16+T16+Z16+AF16+AP16+AV16+BB16+BH16 -> 1230638 | BO16: =C16+I16+O16+U16+AA16+AG16+AQ16+AW16+BC16+BI16 -> 1431201 | BP16: =D16+J16+P16+V16+AB16+AH16+AR16+AX16+BD16+BJ16 -> 1466390 | BQ16: =E16+K16+Q16+W16+AC16+AI16+AS16+AY16+BE16+BK16 -> 1469139 | BR16: =F16+L16+R16+X16+AD16+AJ16+AT16+AZ16+BF16+BL16 -> 0 | BS16: =BR16/BQ16-1 -> -1 | BU16: =BN16-BB16-BH16 -> 964579 | BV16: =BO16-BC16-BI16 -> 1214972 | BW16: =BP16-BD16-BJ16 -> 1202409 | BX16: =BQ16-BE16-BK16 -> 1211838 | BY16: =BR16-BF16-BL16 -> 0 | BZ16: =BY16/BX16-1 -> -1
A17: DIC | B17: 295161 | C17: 296810 | D17: 316050 | E17: 287731 | G17: =F17/E17-1 -> -1 | H17: 254191 | I17: 238677 | J17: 229883 | K17: 230734 | M17: =L17/K17-1 -> -1 | N17: 240562 | O17: 231180 | P17: 200145 | Q17: 204171 | S17: =R17/Q17-1 -> -1 | T17: 112405 | U17: 99104 | V17: 101917 | W17: 123092 | Y17: =X17/W17-1 -> -1 | Z17: 140521 | AA17: 135900 | AB17: 117620 | AC17: 117873 | AE17: =AD17/AC17-1 -> -1 | AF17: 64575 | AG17: 64262 | AH17: 67686 | AI17: 63714 | AK17: =AJ17/AI17-1 -> -1 | AM17: 83327 | AN17: 81670 | AO17: =(AL17-AM17)/AM17 -> -1 | AP17: 174030 | AQ17: 191174 | AR17: 188089 | AS17: 192097 | AU17: =AT17/AS17-1 -> -1 | AV17: 96129 | AW17: 104227 | AX17: 116194 | AY17: 107292 | BA17: =AZ17/AY17-1 -> -1 | BB17: 282266 | BC17: 210597 | BD17: 215074 | BE17: 220787 | BG17: =BF17/BE17-1 -> -1 | BH17: 26271 | BI17: 54414 | BJ17: 56711 | BK17: 49348 | BM17: =BL17/BK17-1 -> -1 | BN17: =B17+H17+N17+T17+Z17+AF17+AP17+AV17+BB17+BH17 -> 1686111 | BO17: =C17+I17+O17+U17+AA17+AG17+AQ17+AW17+BC17+BI17 -> 1626345 | BP17: =D17+J17+P17+V17+AB17+AH17+AR17+AX17+BD17+BJ17 -> 1609369 | BQ17: =E17+K17+Q17+W17+AC17+AI17+AS17+AY17+BE17+BK17 -> 1596839 | BR17: =F17+L17+R17+X17+AD17+AJ17+AT17+AZ17+BF17+BL17 -> 0 | BS17: =BR17/BQ17-1 -> -1 | BU17: =BN17-BB17-BH17 -> 1377574 | BV17: =BO17-BC17-BI17 -> 1361334 | BW17: =BP17-BD17-BJ17 -> 1337584 | BX17: =BQ17-BE17-BK17 -> 1326704 | BY17: =BR17-BF17-BL17 -> 0 | BZ17: =BY17/BX17-1 -> -1
Q18: 4171 | CS18: =CI21/CI20-1 -> #VALUE!
A19: SUMA | B19: =SUM(B6:B17) -> 3055645 | C19: =SUM(C6:C17) -> 3173276 | D19: =SUM(D6:D17) -> 3290340 | E19: =SUM(E6:E17) -> 3324223 | F19: =SUM(F6:F17) -> 1522722 | G19: =F19/(E6+E7+E8+E9+E10+E11)-1 -> -0.050230344 | H19: =SUM(H6:H17) -> 2664158 | I19: =SUM(I6:I17) -> 2667535 | J19: =SUM(J6:J17) -> 2543267 | K19: =SUM(K6:K17) -> 2483629 | L19: =SUM(L6:L17) -> 1209760 | M19: =L19/(K6+K7+K8+K9+K10+K11)-1 -> -0.012479511 | N19: =SUM(N6:N17) -> 2573727 | O19: =SUM(O6:O17) -> 2550017 | P19: =SUM(P6:P17) -> 2388270 | Q19: =SUM(Q6:Q17) -> 2099093 | R19: =SUM(R6:R17) -> 993056 | S19: =R19/(Q6+Q7+Q8+Q9+Q10+Q11)-1 -> -0.011653471 | T19: =SUM(T6:T17) -> 1103469 | U19: =SUM(U6:U17) -> 988710 | V19: =SUM(V6:V17) -> 1059374 | W19: =SUM(W6:W17) -> 1139551 | X19: =SUM(X6:X17) -> 765842 | Y19: =X19/(W6+W7+W8+W9+W10+W11)-1 -> 0.44858724 | Z19: =SUM(Z6:Z17) -> 1543429 | AA19: =SUM(AA6:AA17) -> 1485222 | AB19: =SUM(AB6:AB17) -> 1391118 | AC19: =SUM(AC6:AC17) -> 1230256 | AD19: =SUM(AD6:AD17) -> 567850 | AE19: =AD19/(AC6+AC7+AC8+AC9+AC10+AC11)-1 -> -0.052435201 | AF19: =SUM(AF6:AF17) -> 774578 | AG19: =SUM(AG6:AG17) -> 801053 | AH19: =SUM(AH6:AH17) -> 900089 | AI19: =SUM(AI6:AI17) -> 914873 | AJ19: =SUM(AJ6:AJ17) -> 473399 | AK19: =AJ19/(AI6+AI7+AI8+AI9+AI10+AI11)-1 -> 0.071865398 | AL19: =SUM(AL6:AL17) -> 75405 | AM19: =SUM(AM6:AM17) -> 887329 | AN19: =SUM(AN6:AN17) -> 781657 | AP19: =SUM(AP6:AP17) -> 362624 | AQ19: =SUM(AQ6:AQ17) -> 1691863 | AR19: =SUM(AR6:AR17) -> 1759825 | AS19: =SUM(AS6:AS17) -> 1833647 | AT19: =SUM(AT6:AT17) -> 875994 | AU19: =AT19/(AS6+AS7+AS8+AS9+AS10+AS11)-1 -> -0.0078050935 | AV19: =SUM(AV6:AV17) -> 398093 | AW19: =SUM(AW6:AW17) -> 1322153 | AX19: =SUM(AX6:AX17) -> 1359450 | AY19: =SUM(AY6:AY17) -> 1341894 | AZ19: =SUM(AZ6:AZ17) -> 669051 | BA19: =AZ19/(AY6+AY7+AY8+AY9+AY10+AY11)-1 -> -0.023072138 | BB19: =SUM(BB6:BB17) -> 2267900 | BC19: =SUM(BC6:BC17) -> 2031993 | BD19: =SUM(BD6:BD17) -> 2030186 | BE19: =SUM(BE6:BE17) -> 2216148 | BF19: =SUM(BF6:BF17) -> 1093599 | BG19: =BF19/(BE6+BE7+BE8+BE9+BE10+BE11)-1 -> 0.042758277 | BH19: =SUM(BH6:BH17) -> 231074 | BI19: =SUM(BI6:BI17) -> 424029 | BJ19: =SUM(BJ6:BJ17) -> 606853 | BK19: =SUM(BK6:BK17) -> 549052 | BL19: =SUM(BL6:BL17) -> 0 | BM19: =BL19/(BK6+BK7)-1 -> -1 | BN19: =SUM(BN6:BN17) -> 14776581 | BO19: =SUM(BO6:BO17) -> 17135851 | BP19: =SUM(BP6:BP17) -> 17328772 | BQ19: =SUM(BQ6:BQ17) -> 17132366 | BR19: =SUM(BR6:BR17) -> 8171855 | BS19: =BR19/(BQ6+BQ7+BQ8+BQ9+BQ10+BQ11)-1 -> -0.012721405 | BU19: =SUM(BU6:BU17) -> 12277607 | BV19: =SUM(BV6:BV17) -> 14679829 | BW19: =SUM(BW6:BW17) -> 14691733 | BX19: =SUM(BX6:BX17) -> 14367166 | BY19: =SUM(BY6:BY17) -> 7078256 | BZ19: =BY19/(BX6+BX7+BX8+BX9+BX10+BX11)-1 -> 0.015470808 | CM19: P2K | CN19: =CD22/CD21-1 -> -0.061375267 | CO19: =CD23/CD22-1 -> 0.044738801 | CP19: =CD24/CD23-1 -> 0.023480137
BR20: =BQ19*1.03 -> 17646337 | CD20: P2K | CE20: PSP | CF20: PRG | CG20: PC | CH20: PSI | CI20: PPA | CJ20: CBA | CK20: PV | CM20: PSP | CN20: =CE22/CE21-1 -> 0.037577349 | CO20: =CE23/CE22-1 -> -0.063148772 | CP20: =CE24/CE23-1 -> -0.018824221
F21: =SUM(E6:E11) -> 1603254 | AC21: =SUM(AB6:AB10) -> 579303 | AD21: =SUM(AC6:AC11) -> 599273 | AS21: =SUM(AR6:AR10) -> 712679 | AT21: =SUM(AS6:AS11) -> 882885 | AX21: =AX16*1.025 -> 117475.25 | BP21: 46.25 | BQ21: 46.25 | BR21: 47.5 | CC21: 2022 | CD21: =SUM(B6:B11) -> 1597435 | CE21: =SUM(H6:H11) -> 1284444 | CF21: =SUM(N6:N11) -> 1278268 | CG21: =SUM(T6:T11) -> 517310 | CH21: =SUM(Z6:Z11) -> 746536 | CI21: =SUM(AF6:AF11) -> 377886 | CM21: PRG | CN21: =CF22/CF21-1 -> -0.013601999 | CO21: =CF23/CF22-1 -> -0.040579563 | CP21: =CF24/CF23-1 -> -0.16942007
D22: =+D7/29 -> 8361.4828 | E22: =+E7/28 -> 8731.7143 | F22: =F19-F21 -> -80532 | J22: =+J7/29 -> 6756.7931 | K22: =+K7/28 -> 6623.25 | AB22: =AB17/AA17-1 -> -0.13451067 | AC22: =AC19-AC21 -> 650953 | AD22: =AD19-AD21 -> -31423 | AS22: =AS19-AS21 -> 1120968 | AT22: =AT19-AT21 -> -6891 | AX22: =AX17*1.025 -> 119098.85 | BP22: =BP19*BP21/1000 -> 801455.7 | BQ22: =BQ19*BQ21/1000 -> 792371.93 | BR22: =BR20*BR21/1000 -> 838201.01 | BZ22: =(BX6+BX7+BX8)/(BW6+BW7+BW8)-1 -> -0.050495598 | CC22: 2023 | CD22: =SUM(C6:C11) -> 1499392 | CE22: =SUM(I6:I11) -> 1332710 | CF22: =SUM(O6:O11) -> 1260881 | CG22: =SUM(U6:U11) -> 475151 | CH22: =SUM(AA6:AA11) -> 711357 | CI22: =SUM(AG6:AG11) -> 392122 | CJ22: =SUM(AQ6:AQ11) -> 793293 | CK22: =SUM(AW6:AW11) -> 669147 | CM22: PC | CN22: =CG22/CG21-1 -> -0.081496588 | CO22: =CG23/CG22-1 -> 0.1254275 | CP22: =CG24/CG23-1 -> -0.011343661
AC23: =AC22/5 -> 130190.6 | AS23: =AS22/5 -> 224193.6 | CC23: 2024 | CD23: =SUM(D6:D11) -> 1566473 | CE23: =SUM(J6:J11) -> 1248551 | CF23: =SUM(P6:P11) -> 1209715 | CG23: =SUM(V6:V11) -> 534748 | CH23: =SUM(AB6:AB11) -> 703712 | CI23: =SUM(AH6:AH11) -> 468983 | CJ23: =SUM(AR6:AR11) -> 867397 | CK23: =SUM(AX6:AX11) -> 673950 | CM23: PSI | CN23: =CH22/CH21-1 -> -0.047122979 | CO23: =CH23/CH22-1 -> -0.010747065 | CP23: =CH24/CH23-1 -> -0.14841157
BP24: 185 | BQ24: 185 | BR24: 190 | CC24: 2025 | CD24: =SUM(E6:E11) -> 1603254 | CE24: =SUM(K6:K11) -> 1225048 | CF24: =SUM(Q6:Q11) -> 1004765 | CG24: =SUM(W6:W11) -> 528682 | CH24: =SUM(AC6:AC11) -> 599273 | CI24: =SUM(AI6:AI11) -> 441659 | CJ24: =SUM(AS6:AS11) -> 882885 | CK24: =SUM(AY6:AY11) -> 684852 | CM24: PPA | CN24: =CI22/CI21-1 -> 0.037672737 | CO24: =CI23/CI22-1 -> 0.19601298 | CP24: =CI24/CI23-1 -> -0.05826224
P25: JUN | Q25: =32313+Q11 -> 210138 | AA25: =SUM(AA14:AA17) -> 509500 | AB25: =SUM(AB14:AB17) -> 436725 | AC25: =AB25/AA25-1 -> -0.14283611 | AW25: 2022 | AX25: 2023 | AY25: 2024 | AZ25: 2025 | BA25: 2026 | BG25: U12 | BH25: =AY19 -> 1341894 | BP25: =BP19*BP24/1000 -> 3205822.8 | BQ25: =BQ19*BQ24/1000 -> 3169487.7 | BR25: =BR20*BR24/1000 -> 3352804 | CM25: CBA | CN25: =CJ23/CJ22-1 -> 0.093413153 | CO25: =CJ24/CJ23-1 -> 0.017855722
P26: JUL | Q26: =40389+Q12 -> 230228 | AV26: Ene | AX26: =AW6 -> 106554 | AY26: =AX6 -> 110591 | AZ26: =AY6 -> 114146 | BA26: =AZ6 -> 102376 | BC26: 2022 | BD26: =SUM(AV6:AV17) -> 398093 | CM26: PV | CN26: =CK23/CK22-1 -> 0.007177795 | CO26: =CK24/CK23-1 -> 0.016176274
AV27: Feb | AX27: =AW7 -> 100481 | AY27: =AX7 -> 105337 | AZ27: =AY7 -> 107505 | BA27: =AZ7 -> 102429 | BC27: 2023 | BD27: =SUM(AW6:AW17) -> 1322153
AA28: PSI | AB28: =SUM(AB6:AB10) -> 579303 | AC28: =AC19 -> 1230256 | AG28: =+AB6-AC6 -> 19202 | AH28: =+AA14-AB14 -> 22739 | AV28: Mar | AX28: =AW8 -> 112578 | AY28: =AX8 -> 110910 | AZ28: =AY8 -> 115173 | BA28: =AZ8 -> 110072 | BC28: 2024 | BD28: =SUM(AX6:AX17) -> 1359450 | BE28: =BD28/BD27-1 -> 0.028209292
AA29: PPA | AB29: =SUM(AH6:AH10) -> 385590 | AC29: =AI19 -> 914873 | AG29: =+AB7-AC7 -> 19597 | AH29: =+AA15-AB15 -> 18916 | AV29: Abr | AX29: =AW9 -> 113104 | AY29: =AX9 -> 108717 | AZ29: =AY9 -> 109523 | BA29: =AZ9 -> 111602 | BC29: 2025 | BD29: =SUM(AY6:AY17) -> 1341894 | BE29: =BD29/BD28-1 -> -0.012914046
AA30: CBA | AB30: =SUM(AR6:AR10) -> 712679 | AC30: =AS19 -> 1833647 | AG30: =+AB8-AC8 -> 17029 | AH30: =+AA16-AB16 -> 12840 | AV30: May | AX30: =AW10 -> 116216 | AY30: =AX10 -> 112574 | AZ30: =AY10 -> 122805 | BA30: =AZ10 -> 120308
AA31: SUMA: | AB31: =SUM(AB28:AB30) -> 1677572 | AC31: =SUM(AC28:AC30) -> 3978776 | AE31: =AC31/AB31-1 -> 1.3717468 | AH31: =+AA17-AB17 -> 18280 | AV31: Jun | AX31: =AW11 -> 120214 | AY31: =AX11 -> 125821 | AZ31: =AY11 -> 115700 | BA31: =AZ11 -> 122264
AV32: Jul | AX32: =AW12 -> 122015 | AY32: =AX12 -> 122130 | AZ32: =AY12 -> 117455 | BA32: =AZ12 -> 0
AV33: Ago | AX33: =AW13 -> 109314 | AY33: =AX13 -> 116686 | AZ33: =AY13 -> 113038 | BA33: =AZ13 -> 0
AV34: Sep | AW34: =AV14 -> 101461 | AX34: =AW14 -> 108072 | AY34: =AX14 -> 105745 | AZ34: =AY14 -> 108071 | BA34: =AZ14 -> 0
AV35: Oct | AW35: =AV15 -> 101480 | AX35: =AW15 -> 107668 | AY35: =AX15 -> 110135 | AZ35: =AY15 -> 109416 | BA35: =AZ15 -> 0
AV36: Nov | AW36: =AV16 -> 99023 | AX36: =AW16 -> 101710 | AY36: =AX16 -> 114610 | AZ36: =AY16 -> 101770 | BA36: =AZ16 -> 0
AV37: Dic | AW37: =AV17 -> 96129 | AX37: =AW17 -> 104227 | AY37: =AX17 -> 116194 | AZ37: =AY17 -> 107292 | BA37: =AZ17 -> 0

Sheet MUNDIAL 2026
A1: MUNDIAL FIFA 2026
B3: Plaza | D3: Inauguración MEX-RSA | H3: MEX-COR | L3: MEX-CHE | P3: MEX-ECU | T3: MEX-ING | X3: ESP-ARG FINAL | AB3: EVENTO FUTBOLERO
D4: Jue 11Jun26-12:00 PM | H4: Jue 18Jun26-6:00 PM | L4: Mie 24Jun26-6:00 PM | P4: Mar 30Jun26-6:00 PM | T4: Dom 5Jul26-5:00 PM | X4: Dom 19ul26-12:00 PM | AB4: SUMA
D5: 2025 | E5: 2026 | F5: dif | H5: 2025 | I5: 2026 | J5: dif | L5: 2025 | M5: 2026 | N5: dif | P5: 2025 | Q5: 2026 | R5: dif | T5: 2025 | U5: 2026 | V5: dif | X5: 2025 | Y5: 2026 | Z5: dif | AB5: 2025 | AC5: 2026 | AD5: dif
B7: P2K | D7: 25132 | E7: 22270 | F7: =E7/D7-1 -> -0.11387872 | H7: 23092 | I7: 23577 | J7: =I7/H7-1 -> 0.021002945 | L7: 21777 | M7: 21038 | N7: =M7/L7-1 -> -0.033934885 | P7: 24139 | Q7: 23991 | R7: =Q7/P7-1 -> -0.006131157 | T7: 34078 | U7: 25773 | V7: =U7/T7-1 -> -0.24370562 | X7: 30967 | Y7: 26966 | Z7: =Y7/X7-1 -> -0.12920205 | AB7: =D7+H7+L7+P7+T7+X7 -> 159185 | AC7: =E7+I7+M7+Q7+U7+Y7 -> 143615 | AD7: =AC7/AB7-1 -> -0.097810723
B8: PSP | D8: 7867 | E8: 8329 | F8: =E8/D8-1 -> 0.058726325 | H8: 7314 | I8: 8890 | J8: =I8/H8-1 -> 0.21547717 | L8: 6990 | M8: 7759 | N8: =M8/L8-1 -> 0.11001431 | P8: 8525 | Q8: 7060 | R8: =Q8/P8-1 -> -0.17184751 | T8: 13197 | U8: 8091 | V8: =U8/T8-1 -> -0.38690612 | X8: 11866 | Y8: 10843 | Z8: =Y8/X8-1 -> -0.086212709 | AB8: =D8+H8+L8+P8+T8+X8 -> 55759 | AC8: =E8+I8+M8+Q8+U8+Y8 -> 50972 | AD8: =AC8/AB8-1 -> -0.085851611
B9: PRG | D9: 8018 | E9: 8774 | F9: =E9/D9-1 -> 0.094287852 | H9: 7900 | I9: 9424 | J9: =I9/H9-1 -> 0.19291139 | L9: 7405 | M9: 8945 | N9: =M9/L9-1 -> 0.20796759 | P9: 8338 | Q9: 8827 | R9: =Q9/P9-1 -> 0.058647158 | T9: 13685 | U9: 11727 | V9: =U9/T9-1 -> -0.14307636 | X9: 12610 | Y9: 11997 | Z9: =Y9/X9-1 -> -0.048612213 | AB9: =D9+H9+L9+P9+T9+X9 -> 57956 | AC9: =E9+I9+M9+Q9+U9+Y9 -> 59694 | AD9: =AC9/AB9-1 -> 0.029988267
B10: PSI | D10: 6314 | E10: 5669 | F10: =E10/D10-1 -> -0.10215394 | H10: 5803 | I10: 6390 | J10: =I10/H10-1 -> 0.10115458 | L10: 5972 | M10: 5739 | N10: =M10/L10-1 -> -0.039015405 | P10: 8616 | Q10: 7563 | R10: =Q10/P10-1 -> -0.12221448 | T10: 9399 | U10: 8363 | V10: =U10/T10-1 -> -0.11022449 | X10: 9926 | Y10: 8516 | Z10: =Y10/X10-1 -> -0.14205118 | AB10: =D10+H10+L10+P10+T10+X10 -> 46030 | AC10: =E10+I10+M10+Q10+U10+Y10 -> 42240 | AD10: =AC10/AB10-1 -> -0.082337606
B11: CBA | D11: 16602 | E11: 15705 | F11: =E11/D11-1 -> -0.054029635 | H11: 15421 | I11: 17524 | J11: =I11/H11-1 -> 0.13637248 | L11: 15295 | M11: 15916 | N11: =M11/L11-1 -> 0.040601504 | P11: 16921 | Q11: 17582 | R11: =Q11/P11-1 -> 0.039063885 | T11: 23851 | U11: 15693 | V11: =U11/T11-1 -> -0.34204017 | X11: 22742 | Y11: 19382 | Z11: =Y11/X11-1 -> -0.14774426 | AB11: =D11+H11+L11+P11+T11+X11 -> 110832 | AC11: =E11+I11+M11+Q11+U11+Y11 -> 101802 | AD11: =AC11/AB11-1 -> -0.081474664
B12: PV | D12: 7411 | E12: 8472 | F12: =E12/D12-1 -> 0.14316556 | H12: 7170 | I12: 8204 | J12: =I12/H12-1 -> 0.14421199 | L12: 7075 | M12: 8112 | N12: =M12/L12-1 -> 0.14657244 | P12: 7304 | Q12: 7750 | R12: =Q12/P12-1 -> 0.061062432 | T12: 7175 | U12: 6725 | V12: =U12/T12-1 -> -0.06271777 | X12: 7157 | Y12: 7568 | Z12: =Y12/X12-1 -> 0.057426296 | AB12: =D12+H12+L12+P12+T12+X12 -> 43292 | AC12: =E12+I12+M12+Q12+U12+Y12 -> 46831 | AD12: =AC12/AB12-1 -> 0.081747205
B13: PLP | D13: 5711 | E13: 4925 | F13: =E13/D13-1 -> -0.13762914 | H13: 5513 | I13: 5491 | J13: =I13/H13-1 -> -0.0039905677 | L13: 4917 | M13: 4926 | N13: =M13/L13-1 -> 0.0018303844 | P13: 6620 | Q13: 5454 | R13: =Q13/P13-1 -> -0.17613293 | T13: 5842 | U13: 5800 | V13: =U13/T13-1 -> -0.0071893187 | X13: 6015 | Y13: 4936 | Z13: =Y13/X13-1 -> -0.17938487 | AB13: =D13+H13+L13+P13+T13+X13 -> 34618 | AC13: =E13+I13+M13+Q13+U13+Y13 -> 31532 | AD13: =AC13/AB13-1 -> -0.089144376
B15: SUMA | D15: =SUM(D7:D13) -> 77055 | E15: =SUM(E7:E13) -> 74144 | F15: =E15/D15-1 -> -0.03777821 | H15: =SUM(H7:H13) -> 72213 | I15: =SUM(I7:I13) -> 79500 | J15: =I15/H15-1 -> 0.10090981 | L15: =SUM(L7:L13) -> 69431 | M15: =SUM(M7:M13) -> 72435 | N15: =M15/L15-1 -> 0.043265976 | P15: =SUM(P7:P13) -> 80463 | Q15: =SUM(Q7:Q13) -> 78227 | R15: =Q15/P15-1 -> -0.02778917 | T15: =SUM(T7:T13) -> 107227 | U15: =SUM(U7:U13) -> 82172 | V15: =U15/T15-1 -> -0.23366316 | X15: =SUM(X7:X13) -> 101283 | Y15: =SUM(Y7:Y13) -> 90208 | Z15: =Y15/X15-1 -> -0.10934708 | AB15: =D15+H15+L15+P15+T15+X15 -> 507672 | AC15: =E15+I15+M15+Q15+U15+Y15 -> 476686 | AD15: =AC15/AB15-1 -> -0.061035472

Sheet SEMANAL-2025
A1: AFLUENCIA PLAZAS
A4: FECHA | B4: SEM | C4: P2K | G4: PSP | K4: PRG | O4: PSI | S4: CBA | W4: PV | AA4: PLP | AE4: SUMA
C5: 2023 | D5: 2024 | E5: 2025 | F5: %Dif | G5: 2023 | H5: 2024 | I5: 2025 | J5: %Dif | K5: 2023 | L5: 2024 | M5: 2025 | N5: %Dif | O5: 2023 | P5: 2024 | Q5: 2025 | R5: %Dif | S5: 2023 | T5: 2024 | U5: 2025 | V5: %Dif | W5: 2023 | X5: 2024 | Y5: 2025 | Z5: %Dif | AA5: 2023 | AB5: 2024 | AC5: 2025 | AD5: %Dif | AE5: 2023 | AF5: 2024 | AG5: 2025 | AH5: %Dif S.A. | AI5: %Dif Acum
A7: 45662 | B7: 1 | C7: 167896 | D7: 156713 | E7: 178990 | F7: =E7/D7-1 -> 0.14215158 | G7: 60260 | H7: 52568 | I7: 60929 | J7: =I7/H7-1 -> 0.15905113 | K7: 70982 | L7: 64851 | M7: 68318 | N7: =M7/L7-1 -> 0.053461011 | O7: 50247 | P7: 53269 | Q7: 55379 | R7: =Q7/P7-1 -> 0.03961028 | S7: 87311 | T7: 99648 | U7: 111930 | V7: =U7/T7-1 -> 0.12325385 | W7: 41218 | X7: 42258 | Y7: 50572 | Z7: =Y7/X7-1 -> 0.19674381 | AA7: 39524 | AB7: 40129 | AC7: 36900 | AD7: =AC7/AB7-1 -> -0.080465499 | AE7: =C7+G7+K7+O7+S7+W7+AA7 -> 517438 | AF7: =D7+H7+L7+P7+T7+X7+AB7 -> 509436 | AG7: =E7+I7+M7+Q7+U7+Y7+AC7 -> 563018 | AH7: =AG7/AF7-1 -> 0.10517906 | AI7: =AG7/AF7-1 -> 0.10517906
A8: 45669 | B8: 2 | C8: 182118 | D8: 163645 | E8: 172033 | F8: =E8/D8-1 -> 0.051257295 | G8: 56811 | H8: 50737 | I8: 53401 | J8: =I8/H8-1 -> 0.052506061 | K8: 68752 | L8: 70867 | M8: 67435 | N8: =M8/L8-1 -> -0.048428747 | O8: 54534 | P8: 53623 | Q8: 47649 | R8: =Q8/P8-1 -> -0.11140742 | S8: 101582 | T8: 100879 | U8: 108059 | V8: =U8/T8-1 -> 0.071174377 | W8: 43464 | X8: 43739 | Y8: 46133 | Z8: =Y8/X8-1 -> 0.054733762 | AA8: 37832 | AB8: 40695 | AC8: 38776 | AD8: =AC8/AB8-1 -> -0.04715567 | AE8: =C8+G8+K8+O8+S8+W8+AA8 -> 545093 | AF8: =D8+H8+L8+P8+T8+X8+AB8 -> 524185 | AG8: =E8+I8+M8+Q8+U8+Y8+AC8 -> 533486 | AH8: =AG8/AF8-1 -> 0.017743736 | AI8: =(AG7+AG8)/(AF7+AF8)-1 -> 0.06083758
A9: 45676 | B9: 3 | C9: 182798 | D9: 156581 | E9: 168260 | F9: =E9/D9-1 -> 0.074587594 | G9: 55380 | H9: 49255 | I9: 49952 | J9: =I9/H9-1 -> 0.014150848 | K9: 72416 | L9: 64457 | M9: 57657 | N9: =M9/L9-1 -> -0.10549669 | O9: 53307 | P9: 58480 | Q9: 50457 | R9: =Q9/P9-1 -> -0.1371922 | S9: 102396 | T9: 98887 | U9: 110990 | V9: =U9/T9-1 -> 0.12239223 | W9: 42136 | X9: 41858 | Y9: 47375 | Z9: =Y9/X9-1 -> 0.13180276 | AA9: 37792 | AB9: 41769 | AC9: 40246 | AD9: =AC9/AB9-1 -> -0.036462448 | AE9: =C9+G9+K9+O9+S9+W9+AA9 -> 546225 | AF9: =D9+H9+L9+P9+T9+X9+AB9 -> 511287 | AG9: =E9+I9+M9+Q9+U9+Y9+AC9 -> 524937 | AH9: =AG9/AF9-1 -> 0.026697334 | AI9: =(AG8+AG9+AG7)/(AF8+AF9+AF7)-1 -> 0.049538872
A10: 45683 | B10: 4 | C10: 201189 | D10: 158722 | E10: 165512 | F10: =E10/D10-1 -> 0.042779199 | G10: 53718 | H10: 55398 | I10: 49739 | J10: =I10/H10-1 -> -0.1021517 | K10: 71461 | L10: 61952 | M10: 59251 | N10: =M10/L10-1 -> -0.04359827 | O10: 49593 | P10: 54477 | Q10: 48530 | R10: =Q10/P10-1 -> -0.10916534 | S10: 97977 | T10: 97913 | U10: 108702 | V10: =U10/T10-1 -> 0.11018966 | W10: 40952 | X10: 44641 | Y10: 42077 | Z10: =Y10/X10-1 -> -0.057435989 | AA10: 36897 | AB10: 38283 | AC10: 36849 | AD10: =AC10/AB10-1 -> -0.037457879 | AE10: =C10+G10+K10+O10+S10+W10+AA10 -> 551787 | AF10: =D10+H10+L10+P10+T10+X10+AB10 -> 511386 | AG10: =E10+I10+M10+Q10+U10+Y10+AC10 -> 510660 | AH10: =AG10/AF10-1 -> -0.0014196712 | AI10: =(AG9+AG10+AG8+AG7)/(AF9+AF10+AF8+AF7)-1 -> 0.036865837
A11: 45690 | B11: 5 | C11: 195691 | D11: 158722 | E11: 180664 | F11: =E11/D11-1 -> 0.13824171 | G11: 51778 | H11: 49065 | I11: 50801 | J11: =I11/H11-1 -> 0.035381637 | K11: 69228 | L11: 64018 | M11: 59887 | N11: =M11/L11-1 -> -0.064528726 | O11: 54354 | P11: 56372 | Q11: 48431 | R11: =Q11/P11-1 -> -0.14086781 | S11: 97189 | T11: 94631 | U11: 109219 | V11: =U11/T11-1 -> 0.15415667 | W11: 39324 | X11: 42655 | Y11: 51447 | Z11: =Y11/X11-1 -> 0.20611886 | AA11: 38692 | AB11: 42402 | AC11: 37812 | AD11: =AC11/AB11-1 -> -0.10824961 | AE11: =C11+G11+K11+O11+S11+W11+AA11 -> 546256 | AF11: =D11+H11+L11+P11+T11+X11+AB11 -> 507865 | AG11: =E11+I11+M11+Q11+U11+Y11+AC11 -> 538261 | AH11: =AG11/AF11-1 -> 0.059850551 | AI11: =(AG10+AG11+AG9+AG8+AG7)/(AF10+AF11+AF9+AF8+AF7)-1 -> 0.041418258
A12: 45697 | B12: 6 | C12: 214925 | D12: 158830 | E12: 199855 | F12: =E12/D12-1 -> 0.25829503 | G12: 50148 | H12: 46655 | I12: 50394 | J12: =I12/H12-1 -> 0.080141464 | K12: 74275 | L12: 64287 | M12: 59644 | N12: =M12/L12-1 -> -0.072223 | O12: 50587 | P12: 57650 | Q12: 52970 | R12: =Q12/P12-1 -> -0.081179532 | S12: 97495 | T12: 98349 | U12: 112307 | V12: =U12/T12-1 -> 0.14192315 | W12: 41374 | X12: 44243 | Y12: 49578 | Z12: =Y12/X12-1 -> 0.12058405 | AA12: 37078 | AB12: 39447 | AC12: 36315 | AD12: =AC12/AB12-1 -> -0.079397673 | AE12: =C12+G12+K12+O12+S12+W12+AA12 -> 565882 | AF12: =D12+H12+L12+P12+T12+X12+AB12 -> 509461 | AG12: =E12+I12+M12+Q12+U12+Y12+AC12 -> 561063 | AH12: =AG12/AF12-1 -> 0.10128744 | AI12: =(AG11+AG12+AG10+AG9+AG8+AG7)/(AF11+AF12+AF10+AF9+AF8+AF7)-1 -> 0.05134174
A13: 45704 | B13: 7 | C13: 209579 | D13: 168886 | E13: 212525 | F13: =E13/D13-1 -> 0.25839324 | G13: 58145 | H13: 54906 | I13: 59965 | J13: =I13/H13-1 -> 0.092139293 | K13: 70539 | L13: 74269 | M13: 68212 | N13: =M13/L13-1 -> -0.081554888 | O13: 59010 | P13: 63258 | Q13: 56488 | R13: =Q13/P13-1 -> -0.10702204 | S13: 103392 | T13: 104168 | U13: 127665 | V13: =U13/T13-1 -> 0.22556831 | W13: 44140 | X13: 39760 | Y13: 55843 | Z13: =Y13/X13-1 -> 0.40450201 | AA13: 37956 | AB13: 39154 | AC13: 34962 | AD13: =AC13/AB13-1 -> -0.10706441 | AE13: =C13+G13+K13+O13+S13+W13+AA13 -> 582761 | AF13: =D13+H13+L13+P13+T13+X13+AB13 -> 544401 | AG13: =E13+I13+M13+Q13+U13+Y13+AC13 -> 615660 | AH13: =AG13/AF13-1 -> 0.13089432 | AI13: =(AG12+AG13+AG11+AG10+AG9+AG8+AG7)/(AF12+AF13+AF11+AF10+AF9+AF8+AF7)-1 -> 0.06331196
A14: 45711 | B14: 8 | C14: 174459 | D14: 164125 | E14: 172613 | F14: =E14/D14-1 -> 0.051716679 | G14: 52625 | H14: 52261 | I14: 49516 | J14: =I14/H14-1 -> -0.052524827 | K14: 61214 | L14: 71690 | M14: 61705 | N14: =M14/L14-1 -> -0.13928023 | O14: 50475 | P14: 52261 | Q14: 48399 | R14: =Q14/P14-1 -> -0.073898318 | S14: 99088 | T14: 93310 | U14: 103623 | V14: =U14/T14-1 -> 0.11052406 | W14: 44783 | X14: 42727 | Y14: 47610 | Z14: =Y14/X14-1 -> 0.11428371 | AA14: 34804 | AB14: 39242 | AC14: 32928 | AD14: =AC14/AB14-1 -> -0.16089904 | AE14: =C14+G14+K14+O14+S14+W14+AA14 -> 517448 | AF14: =D14+H14+L14+P14+T14+X14+AB14 -> 515616 | AG14: =E14+I14+M14+Q14+U14+Y14+AC14 -> 516394 | AH14: =AG14/AF14-1 -> 0.0015088748 | AI14: =(AG13+AG14+AG12+AG11+AG10+AG9+AG8+AG7)/(AF13+AF14+AF12+AF11+AF10+AF9+AF8+AF7)-1 -> 0.05560285
A15: 45718 | B15: 9 | C15: 154577 | D15: 166481 | E15: 170684 | F15: =E15/D15-1 -> 0.025246124 | G15: 53016 | H15: 50353 | I15: 50101 | J15: =I15/H15-1 -> -0.0050046671 | K15: 59870 | L15: 68194 | M15: 58939 | N15: =M15/L15-1 -> -0.13571575 | O15: 56456 | P15: 57345 | Q15: 49914 | R15: =Q15/P15-1 -> -0.1295841 | S15: 103334 | T15: 92366 | U15: 110513 | V15: =U15/T15-1 -> 0.1964684 | W15: 37978 | X15: 44487 | Y15: 51917 | Z15: =Y15/X15-1 -> 0.16701508 | AA15: 39522 | AB15: 43111 | AC15: 35860 | AD15: =AC15/AB15-1 -> -0.16819373 | AE15: =C15+G15+K15+O15+S15+W15+AA15 -> 504753 | AF15: =D15+H15+L15+P15+T15+X15+AB15 -> 522337 | AG15: =E15+I15+M15+Q15+U15+Y15+AC15 -> 527928 | AH15: =AG15/AF15-1 -> 0.010703818 | AI15: =(AG14+AG15+AG13+AG12+AG11+AG10+AG9+AG8+AG7)/(AF14+AF15+AF13+AF12+AF11+AF10+AF9+AF8+AF7)-1 -> 0.050565789
A16: 45725 | B16: 10 | C16: 194993 | D16: 155032 | E16: 169280 | F16: =E16/D16-1 -> 0.091903607 | G16: 52474 | H16: 49374 | I16: 49513 | J16: =I16/H16-1 -> 0.0028152469 | K16: 77148 | L16: 70168 | M16: 57896 | N16: =M16/L16-1 -> -0.17489454 | O16: 53709 | P16: 55362 | Q16: 49380 | R16: =Q16/P16-1 -> -0.10805245 | S16: 104277 | T16: 93411 | U16: 113847 | V16: =U16/T16-1 -> 0.21877509 | W16: 44643 | X16: 47284 | Y16: 46312 | Z16: =Y16/X16-1 -> -0.020556636 | AA16: 38404 | AB16: 42141 | AC16: 36573 | AD16: =AC16/AB16-1 -> -0.13212786 | AE16: =C16+G16+K16+O16+S16+W16+AA16 -> 565648 | AF16: =D16+H16+L16+P16+T16+X16+AB16 -> 512772 | AG16: =E16+I16+M16+Q16+U16+Y16+AC16 -> 522801 | AH16: =AG16/AF16-1 -> 0.0195584 | AI16: 0.047489662
A17: 45732 | B17: 11 | C17: 196880 | D17: 154396 | E17: 172760 | F17: =E17/D17-1 -> 0.11894091 | G17: 52085 | H17: 50607 | I17: 50536 | J17: =I17/H17-1 -> -0.001402968 | K17: 84229 | L17: 74089 | M17: 51631 | N17: =M17/L17-1 -> -0.30312192 | O17: 55954 | P17: 56340 | Q17: 48705 | R17: =Q17/P17-1 -> -0.13551651 | S17: 98879 | T17: 98082 | U17: 109862 | V17: =U17/T17-1 -> 0.12010359 | W17: 46516 | X17: 39928 | Y17: 46284 | Z17: =Y17/X17-1 -> 0.15918654 | AA17: 39812 | AB17: 41601 | AC17: 35967 | AD17: =AC17/AB17-1 -> -0.13542944 | AE17: =C17+G17+K17+O17+S17+W17+AA17 -> 574355 | AF17: =D17+H17+L17+P17+T17+X17+AB17 -> 515043 | AG17: =E17+I17+M17+Q17+U17+Y17+AC17 -> 515745 | AH17: =AG17/AF17-1 -> 0.001362993 | AI17: =(AG60)/(AF7+AF8+AF9+AF10+AF11+AF12+AF13+AF14+AF15+AF17+AF16)-1 -> 4.3345443
A18: 45739 | B18: 12 | C18: 201163 | D18: 148847 | E18: 190380 | F18: =E18/D18-1 -> 0.27903149 | G18: 54203 | H18: 55338 | I18: 53727 | J18: =I18/H18-1 -> -0.029112003 | K18: 82743 | L18: 72295 | M18: 54348 | N18: =M18/L18-1 -> -0.24824677 | O18: 53632 | P18: 57308 | Q18: 51854 | R18: =Q18/P18-1 -> -0.095169959 | S18: 96243 | T18: 94449 | U18: 116137 | V18: =U18/T18-1 -> 0.22962657 | W18: 42543 | X18: 43900 | Y18: 58882 | Z18: =Y18/X18-1 -> 0.34127563 | AA18: 37937 | AB18: 37493 | AC18: 36352 | AD18: =AC18/AB18-1 -> -0.030432347 | AE18: =C18+G18+K18+O18+S18+W18+AA18 -> 568464 | AF18: =D18+H18+L18+P18+T18+X18+AB18 -> 509630 | AG18: =E18+I18+M18+Q18+U18+Y18+AC18 -> 561680 | AH18: =AG18/AF18-1 -> 0.10213292 | AI18: =AG60/AK18-1 -> 3.8955874 | AK18: =SUM(AF7:AF18) -> 6193419
A19: 45746 | B19: 13 | C19: 157801 | D19: 166224 | E19: 192543 | F19: =E19/D19-1 -> 0.15833454 | G19: 53332 | H19: 57206 | I19: 49058 | J19: =I19/H19-1 -> -0.14243261 | K19: 80144 | L19: 73773 | M19: 54818 | N19: =M19/L19-1 -> -0.25693682 | O19: 54650 | P19: 59149 | Q19: 48664 | R19: =Q19/P19-1 -> -0.1772642 | S19: 109826 | T19: 98350 | U19: 115422 | V19: =U19/T19-1 -> 0.17358414 | W19: 44700 | X19: 44390 | Y19: 56920 | Z19: =Y19/X19-1 -> 0.28227078 | AA19: 39481 | AB19: 34409 | AC19: 37209 | AD19: =AC19/AB19-1 -> 0.081374059 | AE19: =C19+G19+K19+O19+S19+W19+AA19 -> 539934 | AF19: =D19+H19+L19+P19+T19+X19+AB19 -> 533501 | AG19: =E19+I19+M19+Q19+U19+Y19+AC19 -> 554634 | AH19: =AG19/AF19-1 -> 0.039611922 | AI19: =AG60/AK19-1 -> 3.5073264 | AK19: =SUM(AF7:AF19) -> 6726920
A20: 45753 | B20: 14 | C20: 183755 | D20: 167291 | E20: 209861 | F20: =E20/D20-1 -> 0.25446677 | G20: 78617 | H20: 54500 | I20: 60025 | J20: =I20/H20-1 -> 0.10137615 | K20: 88711 | L20: 72013 | M20: 65713 | N20: =M20/L20-1 -> -0.087484204 | O20: 61543 | P20: 57675 | Q20: 55841 | R20: =Q20/P20-1 -> -0.031798873 | S20: 108540 | T20: 98430 | U20: 117214 | V20: =U20/T20-1 -> 0.19083613 | W20: 51025 | X20: 46846 | Y20: 61434 | Z20: =Y20/X20-1 -> 0.31140332 | AA20: 41136 | AB20: 37787 | AC20: 40462 | AD20: =AC20/AB20-1 -> 0.070791542 | AE20: =C20+G20+K20+O20+S20+W20+AA20 -> 613327 | AF20: =D20+H20+L20+P20+T20+X20+AB20 -> 534542 | AG20: =E20+I20+M20+Q20+U20+Y20+AC20 -> 610550 | AH20: =AG20/AF20-1 -> 0.14219276 | AI20: =AG61/AK20-1 -> #DIV/0!
A21: 45760 | B21: 15 | C21: 180647 | D21: 157056 | E21: 207732 | F21: =E21/D21-1 -> 0.32266198 | G21: 73811 | H21: 48685 | I21: 59030 | J21: =I21/H21-1 -> 0.21248845 | K21: 75561 | L21: 65724 | M21: 65639 | N21: =M21/L21-1 -> -0.0012932871 | O21: 65087 | P21: 51648 | Q21: 49330 | R21: =Q21/P21-1 -> -0.044880731 | S21: 113820 | T21: 99534 | U21: 115999 | V21: =U21/T21-1 -> 0.16542086 | W21: 53285 | X21: 41617 | Y21: 58644 | Z21: =Y21/X21-1 -> 0.40913569 | AA21: 44449 | AB21: 34538 | AC21: 42308 | AD21: =AC21/AB21-1 -> 0.2249696 | AE21: =C21+G21+K21+O21+S21+W21+AA21 -> 606660 | AF21: =D21+H21+L21+P21+T21+X21+AB21 -> 498802 | AG21: =E21+I21+M21+Q21+U21+Y21+AC21 -> 598682 | AH21: =AG21/AF21-1 -> 0.20023977
A22: 45767 | B22: 16 | C22: 166235 | D22: 159213 | E22: 233694 | F22: =E22/D22-1 -> 0.46780728 | G22: 58142 | H22: 47877 | I22: 61366 | J22: =I22/H22-1 -> 0.2817428 | K22: 73748 | L22: 68291 | M22: 65699 | N22: =M22/L22-1 -> -0.037955221 | O22: 61693 | P22: 57439 | Q22: 52648 | R22: =Q22/P22-1 -> -0.083410227 | S22: 113224 | T22: 103408 | U22: 108262 | V22: =U22/T22-1 -> 0.046940275 | W22: 47907 | X22: 42271 | Y22: 60108 | Z22: =Y22/X22-1 -> 0.42196778 | AA22: 40179 | AB22: 38288 | AC22: 36130 | AD22: =AC22/AB22-1 -> -0.056362307 | AE22: =C22+G22+K22+O22+S22+W22+AA22 -> 561128 | AF22: =D22+H22+L22+P22+T22+X22+AB22 -> 516787 | AG22: =E22+I22+M22+Q22+U22+Y22+AC22 -> 617907 | AH22: =AG22/AF22-1 -> 0.19567056
A23: 45774 | B23: 17 | C23: 159538 | D23: 165535 | E23: 170449 | F23: =E23/D23-1 -> 0.029685565 | G23: 59063 | H23: 50435 | I23: 61233 | J23: =I23/H23-1 -> 0.21409735 | K23: 71424 | L23: 70851 | M23: 61173 | N23: =M23/L23-1 -> -0.13659652 | O23: 64791 | P23: 55843 | Q23: 53011 | R23: =Q23/P23-1 -> -0.050713608 | S23: 119861 | T23: 108317 | U23: 128313 | V23: =U23/T23-1 -> 0.18460629 | W23: 48438 | X23: 46927 | Y23: 65325 | Z23: =Y23/X23-1 -> 0.39205575 | AA23: 49477 | AB23: 40891 | AC23: 34341 | AD23: =AC23/AB23-1 -> -0.16018195 | AE23: =C23+G23+K23+O23+S23+W23+AA23 -> 572592 | AF23: =D23+H23+L23+P23+T23+X23+AB23 -> 538799 | AG23: =E23+I23+M23+Q23+U23+Y23+AC23 -> 573845 | AH23: =AG23/AF23-1 -> 0.065044664
A24: 45781 | B24: 18 | C24: 180837 | D24: 176677 | E24: 174913 | F24: =E24/D24-1 -> -0.0099843217 | G24: 61962 | H24: 53218 | I24: 61810 | J24: =I24/H24-1 -> 0.16144913 | K24: 77485 | L24: 76371 | M24: 66765 | N24: =M24/L24-1 -> -0.12578073 | O24: 63248 | P24: 62723 | Q24: 62722 | R24: =Q24/P24-1 -> -1.5943115e-05 | S24: 111792 | T24: 114999 | U24: 130964 | V24: =U24/T24-1 -> 0.13882729 | W24: 50424 | X24: 52075 | Y24: 61073 | Z24: =Y24/X24-1 -> 0.17278925 | AA24: 46396 | AB24: 44537 | AC24: 45807 | AD24: =AC24/AB24-1 -> 0.028515616 | AE24: =C24+G24+K24+O24+S24+W24+AA24 -> 592144 | AF24: =D24+H24+L24+P24+T24+X24+AB24 -> 580600 | AG24: =E24+I24+M24+Q24+U24+Y24+AC24 -> 604054 | AH24: =AG24/AF24-1 -> 0.040396142
A25: 45788 | B25: 19 | C25: 165887 | D25: 175535 | E25: 163442 | F25: =E25/D25-1 -> -0.068892244 | G25: 60498 | H25: 52487 | I25: 55872 | J25: =I25/H25-1 -> 0.06449216 | K25: 76618 | L25: 79085 | M25: 76367 | N25: =M25/L25-1 -> -0.034368085 | O25: 58462 | P25: 58166 | Q25: 54377 | R25: =Q25/P25-1 -> -0.065141148 | S25: 112006 | T25: 109423 | U25: 121111 | V25: =U25/T25-1 -> 0.10681484 | W25: 45404 | X25: 42586 | Y25: 46755 | Z25: =Y25/X25-1 -> 0.097896022 | AA25: 43632 | AB25: 38322 | AC25: 40777 | AD25: =AC25/AB25-1 -> 0.064062418 | AE25: =C25+G25+K25+O25+S25+W25+AA25 -> 562507 | AF25: =D25+H25+L25+P25+T25+X25+AB25 -> 555604 | AG25: =E25+I25+M25+Q25+U25+Y25+AC25 -> 558701 | AH25: =AG25/AF25-1 -> 0.0055741139
A26: 45795 | B26: 20 | C26: 167632 | D26: 165720 | E26: 174473 | F26: =E26/D26-1 -> 0.052818006 | G26: 60465 | H26: 50159 | I26: 59468 | J26: =I26/H26-1 -> 0.18558982 | K26: 67577 | L26: 75436 | M26: 60875 | N26: =M26/L26-1 -> -0.19302455 | O26: 66315 | P26: 61438 | Q26: 54772 | R26: =Q26/P26-1 -> -0.10849963 | S26: 110371 | T26: 107235 | U26: 123879 | V26: =U26/T26-1 -> 0.15521052 | W26: 46715 | X26: 44125 | Y26: 51223 | Z26: =Y26/X26-1 -> 0.16086119 | AA26: 44922 | AB26: 40039 | AC26: 40794 | AD26: =AC26/AB26-1 -> 0.018856615 | AE26: =C26+G26+K26+O26+S26+W26+AA26 -> 563997 | AF26: =D26+H26+L26+P26+T26+X26+AB26 -> 544152 | AG26: =E26+I26+M26+Q26+U26+Y26+AC26 -> 565484 | AH26: =AG26/AF26-1 -> 0.039202282
A27: 45802 | B27: 21 | C27: 174045 | D27: 158250 | E27: 184173 | F27: =E27/D27-1 -> 0.16381043 | G27: 63453 | H27: 49232 | I27: 75337 | J27: =I27/H27-1 -> 0.53024456 | K27: 87095 | L27: 74953 | M27: 69482 | N27: =M27/L27-1 -> -0.072992409 | O27: 70250 | P27: 56866 | Q27: 59545 | R27: =Q27/P27-1 -> 0.047110752 | S27: 102486 | T27: 103405 | U27: 114957 | V27: =U27/T27-1 -> 0.11171607 | W27: 45182 | X27: 42259 | Y27: 59290 | Z27: =Y27/X27-1 -> 0.40301474 | AA27: 42349 | AB27: 39727 | AC27: 40053 | AD27: =AC27/AB27-1 -> 0.008206006 | AE27: =C27+G27+K27+O27+S27+W27+AA27 -> 584860 | AF27: =D27+H27+L27+P27+T27+X27+AB27 -> 524692 | AG27: =E27+I27+M27+Q27+U27+Y27+AC27 -> 602837 | AH27: =AG27/AF27-1 -> 0.14893499
A28: 45809 | B28: 22 | C28: 175894 | D28: 173777 | E28: 190576 | F28: =E28/D28-1 -> 0.09666987 | G28: 69331 | H28: 52425 | I28: 72363 | J28: =I28/H28-1 -> 0.38031474 | K28: 77741 | L28: 78498 | M28: 69981 | N28: =M28/L28-1 -> -0.10849958 | O28: 74808 | P28: 60968 | Q28: 60519 | R28: =Q28/P28-1 -> -0.0073645191 | S28: 103277 | T28: 96723 | U28: 117925 | V28: =U28/T28-1 -> 0.21920329 | W28: 50779 | X28: 41460 | Y28: 58175 | Z28: =Y28/X28-1 -> 0.40315967 | AA28: 43611 | AB28: 44109 | AC28: 42685 | AD28: =AC28/AB28-1 -> -0.032283661 | AE28: =C28+G28+K28+O28+S28+W28+AA28 -> 595441 | AF28: =D28+H28+L28+P28+T28+X28+AB28 -> 547960 | AG28: =E28+I28+M28+Q28+U28+Y28+AC28 -> 612224 | AH28: =AG28/AF28-1 -> 0.11727863
A29: 45816 | B29: 23 | C29: 173003 | D29: 174493 | E29: 186237 | F29: =E29/D29-1 -> 0.067303559 | G29: 64747 | H29: 50103 | I29: 62470 | J29: =I29/H29-1 -> 0.24683153 | K29: 71909 | L29: 76440 | M29: 61102 | N29: =M29/L29-1 -> -0.20065411 | O29: 67634 | P29: 56788 | Q29: 53424 | R29: =Q29/P29-1 -> -0.059237867 | S29: 100411 | T29: 96449 | U29: 116540 | V29: =U29/T29-1 -> 0.20830698 | W29: 56250 | X29: 52610 | Y29: 51656 | Z29: =Y29/X29-1 -> -0.018133435 | AA29: 43313 | AB29: 43825 | AC29: 44266 | AD29: =AC29/AB29-1 -> 0.01006275 | AE29: =C29+G29+K29+O29+S29+W29+AA29 -> 577267 | AF29: =D29+H29+L29+P29+T29+X29+AB29 -> 550708 | AG29: =E29+I29+M29+Q29+U29+Y29+AC29 -> 575695 | AH29: =AG29/AF29-1 -> 0.045372502
A30: 45823 | B30: 24 | C30: 174156 | D30: 186942 | E30: 220149 | F30: =E30/D30-1 -> 0.17763263 | G30: 64225 | H30: 66269 | I30: 63968 | J30: =I30/H30-1 -> -0.034722117 | K30: 73459 | L30: 91427 | M30: 65666 | N30: =M30/L30-1 -> -0.28176578 | O30: 72524 | P30: 69449 | Q30: 53275 | R30: =Q30/P30-1 -> -0.23289032 | S30: 107931 | T30: 108225 | U30: 118438 | V30: =U30/T30-1 -> 0.094368214 | W30: 53724 | X30: 58170 | Y30: 51979 | Z30: =Y30/X30-1 -> -0.10642943 | AA30: 42485 | AB30: 45803 | AC30: 42089 | AD30: =AC30/AB30-1 -> -0.081086392 | AE30: =C30+G30+K30+O30+S30+W30+AA30 -> 588504 | AF30: =D30+H30+L30+P30+T30+X30+AB30 -> 626285 | AG30: =E30+I30+M30+Q30+U30+Y30+AC30 -> 615564 | AH30: =AG30/AF30-1 -> -0.017118405
A31: 45830 | B31: 25 | C31: 165916 | D31: 185341 | E31: 211064 | F31: =E31/D31-1 -> 0.13878742 | G31: 59075 | H31: 67843 | I31: 65304 | J31: =I31/H31-1 -> -0.037424642 | K31: 78349 | L31: 90005 | M31: 64916 | N31: =M31/L31-1 -> -0.27875118 | O31: 70088 | P31: 68994 | Q31: 51319 | R31: =Q31/P31-1 -> -0.2561817 | S31: 109405 | T31: 105253 | U31: 118100 | V31: =U31/T31-1 -> 0.12205828 | W31: 46241 | X31: 54278 | Y31: 53771 | Z31: =Y31/X31-1 -> -0.0093408011 | AA31: 41967 | AB31: 41513 | AC31: 40063 | AD31: =AC31/AB31-1 -> -0.034928817 | AE31: =C31+G31+K31+O31+S31+W31+AA31 -> 571041 | AF31: =D31+H31+L31+P31+T31+X31+AB31 -> 613227 | AG31: =E31+I31+M31+Q31+U31+Y31+AC31 -> 604537 | AH31: =AG31/AF31-1 -> -0.014170935
A32: 45837 | B32: 26 | C32: 161999 | D32: 175138 | E32: 211658 | F32: =E32/D32-1 -> 0.20852128 | G32: 59291 | H32: 61416 | I32: 64056 | J32: =I32/H32-1 -> 0.042985541 | K32: 75522 | L32: 91638 | M32: 63654 | N32: =M32/L32-1 -> -0.3053755 | O32: 65860 | P32: 65836 | Q32: 51693 | R32: =Q32/P32-1 -> -0.21482168 | S32: 116808 | T32: 111659 | U32: 125952 | V32: =U32/T32-1 -> 0.1280058 | W32: 51153 | X32: 51694 | Y32: 54834 | Z32: =Y32/X32-1 -> 0.060742059 | AA32: 45620 | AB32: 41708 | AC32: 38560 | AD32: =AC32/AB32-1 -> -0.075477127 | AE32: =C32+G32+K32+O32+S32+W32+AA32 -> 576253 | AF32: =D32+H32+L32+P32+T32+X32+AB32 -> 599089 | AG32: =E32+I32+M32+Q32+U32+Y32+AC32 -> 610407 | AH32: =AG32/AF32-1 -> 0.018892018
... A42: 45907 | B42: 36 | C42: 189122 | D42: 168326 | E42: 200890 | F42: =E42/D42-1 -> 0.19345793 | G42: 60130 | H42: 56208 | I42: 56794 | J42: =I42/H42-1 -> 0.010425562 | K42: 86797 | L42: 70738 | M42: 67200 | N42: =M42/L42-1 -> -0.05001555 | O42: 77957 | P42: 62074 | Q42: 57285 | R42: =Q42/P42-1 -> -0.077149853 | S42: 120020 | T42: 114877 | U42: 113937 | V42: =U42/T42-1 -> -0.0081826649 | W42: 52697 | X42: 46963 | Y42: 51213 | Z42: =Y42/X42-1 -> 0.090496774 | AA42: 53221 | AB42: 44087 | AC42: 38079 | AD42: =AC42/AB42-1 -> -0.136276 | AE42: =C42+G42+K42+O42+S42+W42+AA42 -> 639944 | AF42: =D42+H42+L42+P42+T42+X42+AB42 -> 563273 | AG42: =E42+I42+M42+Q42+U42+Y42+AC42 -> 585398 | AH42: =AG42/AF42-1 -> 0.039279355
A43: 45914 | B43: 37 | C43: 163013 | D43: 157476 | E43: 179180 | F43: =E43/D43-1 -> 0.13782418 | G43: 47970 | H43: 50079 | I43: 58396 | J43: =I43/H43-1 -> 0.1660776 | K43: 66743 | L43: 67099 | M43: 62167 | N43: =M43/L43-1 -> -0.073503331 | O43: 63902 | P43: 42639 | Q43: 54928 | R43: =Q43/P43-1 -> 0.28821032 | S43: 100765 | T43: 44936 | U43: 114891 | V43: =U43/T43-1 -> 1.5567696 | W43: 42948 | X43: 42177 | Y43: 49440 | Z43: =Y43/X43-1 -> 0.17220286 | AA43: 46191 | AB43: 40207 | AC43: 37270 | AD43: =AC43/AB43-1 -> -0.073046982 | AE43: =C43+G43+K43+O43+S43+W43+AA43 -> 531532 | AF43: =D43+H43+L43+P43+T43+X43+AB43 -> 444613 | AG43: =E43+I43+M43+Q43+U43+Y43+AC43 -> 556272 | AH43: =AG43/AF43-1 -> 0.25113751 | AI43: =AG43-AF43 -> 111659
A44: 45921 | B44: 38 | C44: 157574 | D44: 168411 | E44: 178638 | F44: =E44/D44-1 -> 0.060726437 | G44: 47537 | H44: 52640 | I44: 57010 | J44: =I44/H44-1 -> 0.083016717 | K44: 71733 | L44: 68350 | M44: 61359 | N44: =M44/L44-1 -> -0.10228237 | O44: 60716 | P44: 52768 | Q44: 55677 | R44: =Q44/P44-1 -> 0.055128108 | S44: 100953 | T44: 72932 | U44: 117198 | V44: =U44/T44-1 -> 0.60694894 | W44: 42739 | X44: 45766 | Y44: 48185 | Z44: =Y44/X44-1 -> 0.052855832 | AA44: 42223 | AB44: 41087 | AC44: 37226 | AD44: =AC44/AB44-1 -> -0.093971329 | AE44: =C44+G44+K44+O44+S44+W44+AA44 -> 523475 | AF44: =D44+H44+L44+P44+T44+X44+AB44 -> 501954 | AG44: =E44+I44+M44+Q44+U44+Y44+AC44 -> 555293 | AH44: =AG44/AF44-1 -> 0.10626273
A45: 45928 | B45: 39 | C45: 167967 | D45: 158941 | E45: 170638 | F45: =E45/D45-1 -> 0.073593346 | G45: 48645 | H45: 49944 | I45: 49400 | J45: =I45/H45-1 -> -0.010892199 | K45: 67797 | L45: 65278 | M45: 60772 | N45: =M45/L45-1 -> -0.06902785 | O45: 62503 | P45: 49018 | Q45: 46590 | R45: =Q45/P45-1 -> -0.049532825 | S45: 103748 | T45: 82249 | U45: 112432 | V45: =U45/T45-1 -> 0.36697103 | W45: 49144 | X45: 46302 | Y45: 47722 | Z45: =Y45/X45-1 -> 0.030668222 | AA45: 45708 | AB45: 42261 | AC45: 36779 | AD45: =AC45/AB45-1 -> -0.12971771 | AE45: =C45+G45+K45+O45+S45+W45+AA45 -> 545512 | AF45: =D45+H45+L45+P45+T45+X45+AB45 -> 493993 | AG45: =E45+I45+M45+Q45+U45+Y45+AC45 -> 524333 | AH45: =AG45/AF45-1 -> 0.061417874
A46: 45935 | B46: 40 | C46: 197235 | D46: 173757 | E46: 182402 | F46: =E46/D46-1 -> 0.049753391 | G46: 44904 | H46: 50858 | I46: 48369 | J46: =I46/H46-1 -> -0.048940186 | K46: 73403 | L46: 74183 | M46: 60503 | N46: =M46/L46-1 -> -0.18440883 | O46: 57801 | P46: 56048 | Q46: 52547 | R46: =Q46/P46-1 -> -0.062464316 | S46: 102118 | T46: 90010 | U46: 118607 | V46: =U46/T46-1 -> 0.31770914 | W46: 42811 | X46: 49833 | Y46: 45010 | Z46: =Y46/X46-1 -> -0.096783256 | AA46: 43109 | AB46: 43738 | AC46: 39185 | AD46: =AC46/AB46-1 -> -0.10409712 | AE46: =C46+G46+K46+O46+S46+W46+AA46 -> 561381 | AF46: =D46+H46+L46+P46+T46+X46+AB46 -> 538427 | AG46: =E46+I46+M46+Q46+U46+Y46+AC46 -> 546623 | AH46: =AG46/AF46-1 -> 0.015222119
A47: 45942 | B47: 41 | C47: 193345 | D47: 161646 | E47: 180359 | F47: =E47/D47-1 -> 0.11576531 | G47: 47601 | H47: 46577 | I47: 45955 | J47: =I47/H47-1 -> -0.013354231 | K47: 71039 | L47: 69160 | M47: 58783 | N47: =M47/L47-1 -> -0.15004338 | O47: 58586 | P47: 48903 | Q47: 46681 | R47: =Q47/P47-1 -> -0.045436885 | S47: 103131 | T47: 95284 | U47: 112048 | V47: =U47/T47-1 -> 0.1759372 | W47: 44239 | X47: 44995 | Y47: 46176 | Z47: =Y47/X47-1 -> 0.026247361 | AA47: 45189 | AB47: 37232 | AC47: 35591 | AD47: =AC47/AB47-1 -> -0.044074989 | AE47: =C47+G47+K47+O47+S47+W47+AA47 -> 563130 | AF47: =D47+H47+L47+P47+T47+X47+AB47 -> 503797 | AG47: =E47+I47+M47+Q47+U47+Y47+AC47 -> 525593 | AH47: =AG47/AF47-1 -> 0.043263457
A48: 45949 | B48: 42 | C48: 195152 | D48: 169554 | E48: 189613 | F48: =E48/D48-1 -> 0.11830449 | G48: 52130 | H48: 48730 | I48: 49236 | J48: =I48/H48-1 -> 0.010383747 | K48: 68849 | L48: 72354 | M48: 59459 | N48: =M48/L48-1 -> -0.17822097 | O48: 57291 | P48: 54834 | Q48: 52661 | R48: =Q48/P48-1 -> -0.039628698 | S48: 90807 | T48: 102691 | U48: 117213 | V48: =U48/T48-1 -> 0.14141453 | W48: 43676 | X48: 49849 | Y48: 48000 | Z48: =Y48/X48-1 -> -0.037092018 | AA48: 30610 | AB48: 40224 | AC48: 38408 | AD48: =AC48/AB48-1 -> -0.045147176 | AE48: =C48+G48+K48+O48+S48+W48+AA48 -> 538515 | AF48: =D48+H48+L48+P48+T48+X48+AB48 -> 538236 | AG48: =E48+I48+M48+Q48+U48+Y48+AC48 -> 554590 | AH48: =AG48/AF48-1 -> 0.030384441
A49: 45956 | B49: 43 | C49: 210918 | D49: 170319 | E49: 190311 | F49: =E49/D49-1 -> 0.11737974 | G49: 53232 | H49: 48130 | I49: 50042 | J49: =I49/H49-1 -> 0.039725743 | K49: 80147 | L49: 71353 | M49: 61865 | N49: =M49/L49-1 -> -0.13297269 | O49: 61513 | P49: 53196 | Q49: 51419 | R49: =Q49/P49-1 -> -0.033404767 | S49: 97606 | T49: 102805 | U49: 111552 | V49: =U49/T49-1 -> 0.08508341 | W49: 47235 | X49: 45773 | Y49: 46829 | Z49: =Y49/X49-1 -> 0.023070369 | AA49: 46670 | AB49: 43454 | AC49: 36106 | AD49: =AC49/AB49-1 -> -0.16909836 | AE49: =C49+G49+K49+O49+S49+W49+AA49 -> 597321 | AF49: =D49+H49+L49+P49+T49+X49+AB49 -> 535030 | AG49: =E49+I49+M49+Q49+U49+Y49+AC49 -> 548124 | AH49: =AG49/AF49-1 -> 0.024473394
A50: 45963 | B50: 44 | C50: 192806 | D50: 183281 | E50: 201274 | F50: =E50/D50-1 -> 0.09817166 | G50: 49866 | H50: 51475 | I50: 49263 | J50: =I50/H50-1 -> -0.042972317 | K50: 88212 | L50: 78604 | M50: 71021 | N50: =M50/L50-1 -> -0.096470918 | O50: 66047 | P50: 62243 | Q50: 58045 | R50: =Q50/P50-1 -> -0.067445335 | S50: 103645 | T50: 115041 | U50: 114832 | V50: =U50/T50-1 -> -0.0018167436 | W50: 39701 | X50: 43840 | Y50: 46235 | Z50: =Y50/X50-1 -> 0.054630474 | AA50: 47323 | AB50: 49922 | AC50: 41388 | AD50: =AC50/AB50-1 -> -0.17094668 | AE50: =C50+G50+K50+O50+S50+W50+AA50 -> 587600 | AF50: =D50+H50+L50+P50+T50+X50+AB50 -> 584406 | AG50: =E50+I50+M50+Q50+U50+Y50+AC50 -> 582058 | AH50: =AG50/AF50-1 -> -0.0040177548
A51: 45970 | B51: 45 | C51: 173630 | D51: 174393 | E51: 183740 | F51: =E51/D51-1 -> 0.053597335 | G51: 47146 | H51: 49876 | I51: 48249 | J51: =I51/H51-1 -> -0.0326209 | K51: 71287 | L51: 64388 | M51: 61805 | N51: =M51/L51-1 -> -0.040116171 | O51: 56485 | P51: 55039 | Q51: 50807 | R51: =Q51/P51-1 -> -0.076890932 | S51: 104347 | T51: 112326 | U51: 117772 | V51: =U51/T51-1 -> 0.048483877 | W51: 40881 | X51: 46779 | Y51: 53164 | Z51: =Y51/X51-1 -> 0.13649287 | AA51: 43793 | AB51: 41396 | AC51: 39194 | AD51: =AC51/AB51-1 -> -0.053193545 | AE51: =C51+G51+K51+O51+S51+W51+AA51 -> 537569 | AF51: =D51+H51+L51+P51+T51+X51+AB51 -> 544197 | AG51: =E51+I51+M51+Q51+U51+Y51+AC51 -> 554731 | AH51: =AG51/AF51-1 -> 0.019356961
A52: 45977 | B52: 46 | C52: 207892 | D52: 196518 | E52: 194207 | F52: =E52/D52-1 -> -0.011759737 | G52: 50070 | H52: 56214 | I52: 55735 | J52: =I52/H52-1 -> -0.008521009 | K52: 76015 | L52: 77369 | M52: 64918 | N52: =M52/L52-1 -> -0.16093009 | O52: 63098 | P52: 60246 | Q52: 52283 | R52: =Q52/P52-1 -> -0.13217475 | S52: 119290 | T52: 132152 | U52: 140062 | V52: =U52/T52-1 -> 0.059855318 | W52: 41366 | X52: 49537 | Y52: 49487 | Z52: =Y52/X52-1 -> -0.0010093465 | AA52: 47919 | AB52: 47660 | AC52: 45065 | AD52: =AC52/AB52-1 -> -0.054448175 | AE52: =C52+G52+K52+O52+S52+W52+AA52 -> 605650 | AF52: =D52+H52+L52+P52+T52+X52+AB52 -> 619696 | AG52: =E52+I52+M52+Q52+U52+Y52+AC52 -> 601757 | AH52: =AG52/AF52-1 -> -0.028948065
A53: 45984 | B53: 47 | C53: 222335 | D53: 193734 | E53: 201347 | F53: =E53/D53-1 -> 0.039296148 | G53: 52649 | H53: 56634 | I53: 54326 | J53: =I53/H53-1 -> -0.040752905 | K53: 77770 | L53: 72287 | M53: 71627 | N53: =M53/L53-1 -> -0.0091302724 | O53: 58896 | P53: 61290 | Q53: 54931 | R53: =Q53/P53-1 -> -0.10375265 | S53: 115428 | T53: 129967 | U53: 133167 | V53: =U53/T53-1 -> 0.024621635 | W53: 41704 | X53: 49533 | Y53: 45586 | Z53: =Y53/X53-1 -> -0.079684251 | AA53: 45107 | AB53: 45116 | AC53: 42733 | AD53: =AC53/AB53-1 -> -0.052819399 | AE53: =C53+G53+K53+O53+S53+W53+AA53 -> 613889 | AF53: =D53+H53+L53+P53+T53+X53+AB53 -> 608561 | AG53: =E53+I53+M53+Q53+U53+Y53+AC53 -> 603717 | AH53: =AG53/AF53-1 -> -0.0079597608
A54: 45991 | B54: 48 | C54: 215847 | D54: 196959 | E54: 204510 | F54: =E54/D54-1 -> 0.038337928 | G54: 47859 | H54: 60891 | I54: 54241 | J54: =I54/H54-1 -> -0.10921154 | K54: 69910 | L54: 78604 | M54: 74608 | N54: =M54/L54-1 -> -0.050837108 | O54: 61990 | P54: 58669 | Q54: 54536 | R54: =Q54/P54-1 -> -0.070446062 | S54: 119323 | T54: 114156 | U54: 128202 | V54: =U54/T54-1 -> 0.12304215 | W54: 42658 | X54: 53970 | Y54: 43193 | Z54: =Y54/X54-1 -> -0.19968501 | AA54: 48358 | AB54: 47379 | AC54: 44212 | AD54: =AC54/AB54-1 -> -0.06684396 | AE54: =C54+G54+K54+O54+S54+W54+AA54 -> 605945 | AF54: =D54+H54+L54+P54+T54+X54+AB54 -> 610628 | AG54: =E54+I54+M54+Q54+U54+Y54+AC54 -> 603502 | AH54: =AG54/AF54-1 -> -0.011669953
A55: 45998 | B55: 49 | C55: 272595 | D55: 210040 | E55: 224804 | F55: =E55/D55-1 -> 0.070291373 | G55: 53979 | H55: 57299 | I55: 59687 | J55: =I55/H55-1 -> 0.04167612 | K55: 78846 | L55: 76922 | M55: 75090 | N55: =M55/L55-1 -> -0.023816333 | O55: 60969 | P55: 58880 | Q55: 58927 | R55: =Q55/P55-1 -> 0.0007982337 | S55: 132436 | T55: 131623 | U55: 140992 | V55: =U55/T55-1 -> 0.071180569 | W55: 43438 | X55: 47609 | Y55: 43735 | Z55: =Y55/X55-1 -> -0.081371169 | AA55: 53953 | AB55: 48118 | AC55: 45664 | AD55: =AC55/AB55-1 -> -0.050999626 | AE55: =C55+G55+K55+O55+S55+W55+AA55 -> 696216 | AF55: =D55+H55+L55+P55+T55+X55+AB55 -> 630491 | AG55: =E55+I55+M55+Q55+U55+Y55+AC55 -> 648899 | AH55: =AG55/AF55-1 -> 0.029196293
... A58: 46019 | B58: 52 | C58: 191626 | D58: 224095 | E58: 224076 | F58: =E58/D58-1 -> -8.478547e-05 | G58: 62324 | H58: 75224 | I58: 80802 | J58: =I58/H58-1 -> 0.074151866 | K58: 82273 | L58: 86164 | M58: 86362 | N58: =M58/L58-1 -> 0.0022979435 | O58: 61581 | P58: 66398 | Q58: 64886 | R58: =Q58/P58-1 -> -0.02277177 | S58: 122318 | T58: 135170 | U58: 153338 | V58: =U58/T58-1 -> 0.13440852 | W58: 38863 | X58: 52264 | Y58: 53697 | Z58: =Y58/X58-1 -> 0.027418491 | AA58: 43720 | AB58: 48026 | AC58: 48753 | AD58: =AC58/AB58-1 -> 0.015137634 | AE58: =C58+G58+K58+O58+S58+W58+AA58 -> 602705 | AF58: =D58+H58+L58+P58+T58+X58+AB58 -> 687341 | AG58: =E58+I58+M58+Q58+U58+Y58+AC58 -> 711914 | AH58: =AG58/AF58-1 -> 0.035750814
A60: SUMA | C60: =SUM(C7:C58) -> 9612010 | D60: =SUM(D7:D58) -> 9051398 | E60: =SUM(E7:E58) -> 9981996 | F60: =E60/(D7+D8+D9+D10+D11+D12+D13+D14+D15+D16+D17+D18+D19+D20+D21+D22+D23+D24+D25+D26+D27+D28+D29+D30+D31+D32+D33+D34+D35+D36+D37+D38+D39+D40+D41+D42+D43+D44+D45+D46+D47+D48+D49+D50+D51+D52+D53+D54+D55+D56+D57+D58)-1 -> 0.10281263 | G60: =SUM(G7:G58) -> 2965516 | H60: =SUM(H7:H58) -> 2857589 | I60: =SUM(I7:I58) -> 3037277 | J60: =I60/(H7+H8+H9+H10+H11+H12+H13+H14+H15+H16+H17+H18+H19+H20+H21+H22+H23+H24+H25+H26+H27+H28+H29+H30+H31+H32+H33+H34+H35+H36+H37+H38+H39+H40+H41+H42+H43+H44+H45+H46+H47+H48+H49+H50+H51+H52+H53+H54+H55+H56+H57+H58)-1 -> 0.062880981 | K60: =SUM(K7:K58) -> 3972317 | L60: =SUM(L7:L58) -> 3915124 | M60: =SUM(M7:M58) -> 3424371 | N60: =M60/(L7+L8+L9+L10+L11+L12+L13+L14+L15+L16+L17+L18+L19+L20+L21+L22+L23+L24+L25+L26+L27+L28+L29+L30+L31+L32+L33+L34+L35+L36+L37+L38+L39+L40+L41+L42+L43+L44+L45+L46+L47+L48+L49+L50+L51+L52+L53+L54+L55+L56+L57+L58)-1 -> -0.12534801 | O60: =SUM(O7:O58) -> 3289303 | P60: =SUM(P7:P58) -> 3154890 | Q60: =SUM(Q7:Q58) -> 2804489 | R60: =Q60/(P7+P8+P9+P10+P11+P12+P13+P14+P15+P16+P17+P18+P19+P20+P21+P22+P23+P24+P25+P26+P27+P28+P29+P30+P31+P32+P33+P34+P35+P36+P37+P38+P39+P40+P41+P42+P43+P44+P45+P46+P47+P48+P49+P50+P51+P52+P53+P54+P55+P56+P57+P58)-1 -> -0.111066 | S60: =SUM(S7:S58) -> 5655797 | T60: =SUM(T7:T58) -> 5511363 | U60: =SUM(U7:U58) -> 6297373 | V60: =U60/(T7+T8+T9+T10+T11+T12+T13+T14+T15+T16+T17+T18+T19+T20+T21+T22+T23+T24+T25+T26+T27+T28+T29+T30+T31+T32+T33+T34+T35+T36+T37+T38+T39+T40+T41+T42+T43+T44+T45+T46+T47+T48+T49+T50+T51+T52+T53+T54+T55+T56+T57+T58)-1 -> 0.14261626 | W60: =SUM(W7:W58) -> 2373015 | X60: =SUM(X7:X58) -> 2451342 | Y60: =SUM(Y7:Y58) -> 2692298 | Z60: =Y60/(X7+X8+X9+X10+X11+X12+X13+X14+X15+X16+X17+X18+X19+X20+X21+X22+X23+X24+X25+X26+X27+X28+X29+X30+X31+X32+X33+X34+X35+X36+X37+X38+X39+X40+X41+X42+X43+X44+X45+X46+X47+X48+X49+X50+X51+X52+X53+X54+X55+X56+X57+X58)-1 -> 0.098295546 | AA60: =SUM(AA7:AA58) -> 2292151 | AB60: =SUM(AB7:AB58) -> 2223566 | AC60: =SUM(AC7:AC58) -> 2082620 | AD60: =AC60/(AB7+AB8+AB10+AB9+AB11+AB12+AB13+AB14+AB15+AB16+AB17+AB18+AB19+AB20+AB21+AB22+AB23+AB24+AB25+AB26+AB27+AB28+AB29+AB30+AB31+AB32+AB33+AB34+AB35+AB36+AB37+AB38+AB39+AB40+AB41+AB42+AB43+AB44+AB45+AB46+AB47+AB48+AB49+AB50+AB51+AB52+AB53+AB54+AB55+AB56+AB57+AB58)-1 -> -0.06338737 | AE60: =SUM(AE7:AE58) -> 30160109 | AF60: =SUM(AF7:AF58) -> 29165272 | AG60: =SUM(AG7:AG58) -> 30320424 | AH60: =(AG60)/(AF7+AF8+AF9+AF10+AF11+AF12+AF13+AF14+AF15+AF16+AF17+AF18+AF19+AF20+AF21+AF22+AF23+AF24+AF25+AF26+AF27+AF28+AF29+AF30+AF31+AF32+AF33+AF34+AF35+AF36+AF37+AF38+AF39+AF40+AF41+AF42+AF43+AF44+AF45+AF46+AF47+AF48+AF49+AF50+AF51+AF52+AF53+AF54+AF55+AF56+AF57+AF58)-1 -> 0.039607105
AF63: =AF60*1.1 -> 32081799 | AG63: =AG60/AF63 -> 0.94509737
AF65: =AG60/33000000 -> 0.91880073
A66: RESUMEN AFLUENCIA
A67: =A58 -> 46019 | B67: SEM | C67: ACUM
A69: P2K | B69: =F58 -> -8.478547e-05 | C69: =F60 -> 0.10281263
A70: PSP | B70: =J58 -> 0.074151866 | C70: =J60 -> 0.062880981
A71: PRG | B71: =N58 -> 0.0022979435 | C71: =N60 -> -0.12534801
A72: PSI | B72: =R58 -> -0.02277177 | C72: =R60 -> -0.111066
A73: CBA | B73: =V58 -> 0.13440852 | C73: =V60 -> 0.14261626
A74: PV | B74: =Z58 -> 0.027418491 | C74: =Z60 -> 0.098295546
A75: PLP | B75: =AD58 -> 0.015137634 | C75: =AD60 -> -0.06338737
A77: TTL | B77: =AH58 -> 0.035750814 | C77: =AH60 -> 0.039607105

Sheet SEMANAL-2024
A1: AFLUENCIA PLAZAS | Z1: 2024
A4: FECHA | B4: SEM | C4: P2K | F4: PSP | I4: PRG | L4: PSI | O4: CBA | R4: PV | U4: PLP | X4: SUMA
C5: 2024 | D5: 2023 | E5: % DIF | F5: 2024 | G5: 2023 | H5: % DIF | I5: 2024 | J5: 2023 | K5: % DIF | L5: 2024 | M5: 2023 | N5: % DIF | O5: 2024 | P5: 2023 | Q5: % DIF | R5: 2024 | S5: 2023 | T5: % DIF | U5: 2024 | V5: 2023 | W5: % DIF | X5: 2024 | Y5: 2023 | Z5: % DIF
A7: 45298 | B7: 1 | C7: 156713 | D7: 167896 | E7: =(C7-D7)/D7 -> -0.066606709 | F7: 52568 | G7: 60260 | H7: =(F7-G7)/G7 -> -0.12764686 | I7: 64851 | J7: 70982 | K7: =(I7-J7)/J7 -> -0.08637401 | L7: 53269 | M7: 50247 | N7: =(L7-M7)/M7 -> 0.060142894 | O7: 99648 | P7: 87311 | Q7: =(O7-P7)/P7 -> 0.14129949 | R7: 42258 | S7: 41218 | T7: =(R7-S7)/S7 -> 0.025231695 | U7: 40129 | V7: 39524 | W7: =(U7-V7)/V7 -> 0.015307155 | X7: =C7+F7+I7+L7+O7+R7+U7 -> 509436 | Y7: =D7+G7+J7+M7+P7+S7+V7 -> 517438 | Z7: =(X7-Y7)/Y7 -> -0.015464655
A8: 45305 | B8: 2 | C8: 163645 | D8: 182118 | E8: =(C8-D8)/D8 -> -0.10143423 | F8: 50737 | G8: 56811 | H8: =(F8-G8)/G8 -> -0.10691591 | I8: 70867 | J8: 68752 | K8: =(I8-J8)/J8 -> 0.030762741 | L8: 53623 | M8: 54534 | N8: =(L8-M8)/M8 -> -0.016705175 | O8: 100879 | P8: 101582 | Q8: =(O8-P8)/P8 -> -0.0069205174 | R8: 43739 | S8: 43464 | T8: =(R8-S8)/S8 -> 0.0063270753 | U8: 40695 | V8: 37832 | W8: =(U8-V8)/V8 -> 0.075676676 | X8: =C8+F8+I8+L8+O8+R8+U8 -> 524185 | Y8: =D8+G8+J8+M8+P8+S8+V8 -> 545093 | Z8: =(X8-Y8)/Y8 -> -0.038356757
A9: 45312 | B9: 3 | C9: 156581 | D9: 182798 | E9: =(C9-D9)/D9 -> -0.14342061 | F9: 49255 | G9: 55380 | H9: =(F9-G9)/G9 -> -0.11059949 | I9: 64457 | J9: 72416 | K9: =(I9-J9)/J9 -> -0.10990665 | L9: 58480 | M9: 53307 | N9: =(L9-M9)/M9 -> 0.097041664 | O9: 98887 | P9: 102396 | Q9: =(O9-P9)/P9 -> -0.034268917 | R9: 41858 | S9: 42136 | T9: =(R9-S9)/S9 -> -0.0065976837 | U9: 41769 | V9: 37792 | W9: =(U9-V9)/V9 -> 0.10523391 | X9: =C9+F9+I9+L9+O9+R9+U9 -> 511287 | Y9: =D9+G9+J9+M9+P9+S9+V9 -> 546225 | Z9: =(X9-Y9)/Y9 -> -0.063962653
A10: 45319 | B10: 4 | C10: 158722 | D10: 201189 | E10: =(C10-D10)/D10 -> -0.21108013 | F10: 55398 | G10: 53718 | H10: =(F10-G10)/G10 -> 0.031274433 | I10: 61952 | J10: 71461 | K10: =(I10-J10)/J10 -> -0.13306559 | L10: 54477 | M10: 49593 | N10: =(L10-M10)/M10 -> 0.098481641 | O10: 97913 | P10: 97977 | Q10: =(O10-P10)/P10 -> -0.00065321453 | R10: 44641 | S10: 40952 | T10: =(R10-S10)/S10 -> 0.090081071 | U10: 38283 | V10: 36897 | W10: =(U10-V10)/V10 -> 0.03756403 | X10: =C10+F10+I10+L10+O10+R10+U10 -> 511386 | Y10: =D10+G10+J10+M10+P10+S10+V10 -> 551787 | Z10: =(X10-Y10)/Y10 -> -0.07321847
A11: 45326 | B11: 5 | C11: 158722 | D11: 195691 | E11: =(C11-D11)/D11 -> -0.18891518 | F11: 49065 | G11: 51778 | H11: =(F11-G11)/G11 -> -0.052396771 | I11: 64018 | J11: 69228 | K11: =(I11-J11)/J11 -> -0.075258566 | L11: 56372 | M11: 54354 | N11: =(L11-M11)/M11 -> 0.037126982 | O11: 94631 | P11: 97189 | Q11: =(O11-P11)/P11 -> -0.026319851 | R11: 42655 | S11: 39324 | T11: =(R11-S11)/S11 -> 0.084706541 | U11: 42402 | V11: 38692 | W11: =(U11-V11)/V11 -> 0.095885454 | X11: =C11+F11+I11+L11+O11+R11+U11 -> 507865 | Y11: =D11+G11+J11+M11+P11+S11+V11 -> 546256 | Z11: =(X11-Y11)/Y11 -> -0.070280235
A12: 45333 | B12: 6 | C12: 158830 | D12: 214925 | E12: =(C12-D12)/D12 -> -0.26099802 | F12: 46655 | G12: 50148 | H12: =(F12-G12)/G12 -> -0.069653825 | I12: 64287 | J12: 74275 | K12: =(I12-J12)/J12 -> -0.13447324 | L12: 57650 | M12: 50587 | N12: =(L12-M12)/M12 -> 0.13962085 | O12: 98349 | P12: 97495 | Q12: =(O12-P12)/P12 -> 0.0087594236 | R12: 44243 | S12: 41374 | T12: =(R12-S12)/S12 -> 0.069343066 | U12: 39447 | V12: 37078 | W12: =(U12-V12)/V12 -> 0.063892335 | X12: =C12+F12+I12+L12+O12+R12+U12 -> 509461 | Y12: =D12+G12+J12+M12+P12+S12+V12 -> 565882 | Z12: =(X12-Y12)/Y12 -> -0.099704532
A13: 45340 | B13: 7 | C13: 168886 | D13: 209579 | E13: =(C13-D13)/D13 -> -0.19416545 | F13: 54906 | G13: 58145 | H13: =(F13-G13)/G13 -> -0.055705564 | I13: 74269 | J13: 70539 | K13: =(I13-J13)/J13 -> 0.052878549 | L13: 63258 | M13: 59010 | N13: =(L13-M13)/M13 -> 0.071987799 | O13: 104168 | P13: 103392 | Q13: =(O13-P13)/P13 -> 0.0075054163 | R13: 35134 | S13: 44140 | T13: =(R13-S13)/S13 -> -0.20403262 | U13: 39154 | V13: 37956 | W13: =(U13-V13)/V13 -> 0.031562862 | X13: =C13+F13+I13+L13+O13+R13+U13 -> 539775 | Y13: =D13+G13+J13+M13+P13+S13+V13 -> 582761 | Z13: =(X13-Y13)/Y13 -> -0.073762657
A14: 45347 | B14: 8 | C14: 164125 | D14: 174459 | E14: =(C14-D14)/D14 -> -0.059234548 | F14: 52261 | G14: 52625 | H14: =(F14-G14)/G14 -> -0.0069168646 | I14: 71690 | J14: 61214 | K14: =(I14-J14)/J14 -> 0.17113732 | L14: 52261 | M14: 50475 | N14: =(L14-M14)/M14 -> 0.035383853 | O14: 93310 | P14: 99088 | Q14: =(O14-P14)/P14 -> -0.058311804 | R14: 42727 | S14: 44783 | T14: =(R14-S14)/S14 -> -0.045910278 | U14: 39242 | V14: 34804 | W14: =(U14-V14)/V14 -> 0.12751408 | X14: =C14+F14+I14+L14+O14+R14+U14 -> 515616 | Y14: =D14+G14+J14+M14+P14+S14+V14 -> 517448 | Z14: =(X14-Y14)/Y14 -> -0.0035404524
A15: 45354 | B15: 9 | C15: 166481 | D15: 154577 | E15: =(C15-D15)/D15 -> 0.077010163 | F15: 50353 | G15: 53016 | H15: =(F15-G15)/G15 -> -0.050230119 | I15: 68194 | J15: 59870 | K15: =(I15-J15)/J15 -> 0.13903457 | L15: 57345 | M15: 56456 | N15: =(L15-M15)/M15 -> 0.015746776 | O15: 92366 | P15: 103334 | Q15: =(O15-P15)/P15 -> -0.10614125 | R15: 44487 | S15: 37978 | T15: =(R15-S15)/S15 -> 0.1713887 | U15: 43111 | V15: 39522 | W15: =(U15-V15)/V15 -> 0.090810182 | X15: =C15+F15+I15+L15+O15+R15+U15 -> 522337 | Y15: =D15+G15+J15+M15+P15+S15+V15 -> 504753 | Z15: =(X15-Y15)/Y15 -> 0.034836841
A16: 45361 | B16: 10 | C16: 155032 | D16: 194993 | E16: =(C16-D16)/D16 -> -0.20493556 | F16: 49374 | G16: 52474 | H16: =(F16-G16)/G16 -> -0.059076876 | I16: 70168 | J16: 77148 | K16: =(I16-J16)/J16 -> -0.09047545 | L16: 55362 | M16: 53709 | N16: =(L16-M16)/M16 -> 0.030776965 | O16: 93411 | P16: 104277 | Q16: =(O16-P16)/P16 -> -0.10420323 | R16: 47284 | S16: 44643 | T16: =(R16-S16)/S16 -> 0.059158211 | U16: 42141 | V16: 38404 | W16: =(U16-V16)/V16 -> 0.097307572 | X16: =C16+F16+I16+L16+O16+R16+U16 -> 512772 | Y16: =D16+G16+J16+M16+P16+S16+V16 -> 565648 | Z16: =(X16-Y16)/Y16 -> -0.09347863
A17: 45368 | B17: 11 | C17: 154396 | D17: 196880 | E17: =(C17-D17)/D17 -> -0.21578627 | F17: 50607 | G17: 52085 | H17: =(F17-G17)/G17 -> -0.028376692 | I17: 74089 | J17: 84229 | K17: =(I17-J17)/J17 -> -0.12038609 | L17: 56340 | M17: 55954 | N17: =(L17-M17)/M17 -> 0.0068985238 | O17: 98082 | P17: 98879 | Q17: =(O17-P17)/P17 -> -0.0080603566 | R17: 49975 | S17: 46516 | T17: =(R17-S17)/S17 -> 0.07436151 | U17: 41601 | V17: 39812 | W17: =(U17-V17)/V17 -> 0.0449362 | X17: =C17+F17+I17+L17+O17+R17+U17 -> 525090 | Y17: =D17+G17+J17+M17+P17+S17+V17 -> 574355 | Z17: =(X17-Y17)/Y17 -> -0.085774477
A18: 45375 | B18: 12 | C18: 148847 | D18: 201163 | E18: =(C18-D18)/D18 -> -0.26006771 | F18: 55338 | G18: 54203 | H18: =(F18-G18)/G18 -> 0.0209398 | I18: 72295 | J18: 82743 | K18: =(I18-J18)/J18 -> -0.1262705 | L18: 57308 | M18: 53632 | N18: =(L18-M18)/M18 -> 0.068541169 | O18: 94449 | P18: 96243 | Q18: =(O18-P18)/P18 -> -0.018640317 | R18: 43900 | S18: 42543 | T18: =(R18-S18)/S18 -> 0.031897139 | U18: 37493 | V18: 37937 | W18: =(U18-V18)/V18 -> -0.011703614 | X18: =C18+F18+I18+L18+O18+R18+U18 -> 509630 | Y18: =D18+G18+J18+M18+P18+S18+V18 -> 568464 | Z18: =(X18-Y18)/Y18 -> -0.10349644
... A58: 45655 | B58: 52 | C58: 224095 | D58: 191626 | E58: =(C58-D58)/D58 -> 0.16943943 | F58: 75224 | G58: 62324 | H58: =(F58-G58)/G58 -> 0.20698286 | I58: 86164 | J58: 82273 | K58: =(I58-J58)/J58 -> 0.047293766 | L58: 66398 | M58: 61581 | N58: =(L58-M58)/M58 -> 0.078222179 | O58: 135170 | P58: 122318 | Q58: =(O58-P58)/P58 -> 0.10507039 | R58: 52264 | S58: 38863 | T58: =(R58-S58)/S58 -> 0.3448267 | U58: 48026 | V58: 43720 | W58: =(U58-V58)/V58 -> 0.098490393 | X58: =C58+F58+I58+L58+O58+R58+U58 -> 687341 | Y58: =D58+G58+J58+M58+P58+S58+V58 -> 602705 | Z58: =(X58-Y58)/Y58 -> 0.14042691
A60: SUMA | C60: =SUM(C7:C58) -> 9119934 | D60: =SUM(D7:D58) -> 9612010 | E60: =(C60-D60)/D60 -> -0.051193871 | F60: =SUM(F7:F58) -> 2869058 | G60: =SUM(G7:G58) -> 2965516 | H60: =(F60-G60)/G60 -> -0.032526548 | I60: =SUM(I7:I58) -> 3910648 | J60: =SUM(J7:J58) -> 3972317 | K60: =(I60-J60)/J60 -> -0.015524693 | L60: =SUM(L7:L58) -> 3168984 | M60: =SUM(M7:M58) -> 3289303 | N60: =(L60-M60)/M60 -> -0.036578874 | O60: =SUM(O7:O58) -> 5532402 | P60: =SUM(P7:P58) -> 5655797 | Q60: =(O60-P60)/P60 -> -0.021817438 | R60: =SUM(R7:R58) -> 2462448 | S60: =SUM(S7:S58) -> 2373015 | T60: =(R60-S60)/S60 -> 0.037687499 | U60: =SUM(U7:U58) -> 2299041 | V60: =SUM(V7:V58) -> 2292151 | W60: =(U60-V60)/V60 -> 0.0030059102 | X60: =SUM(X7:X58) -> 29362515 | Y60: =SUM(Y7:Y58) -> 30160109 | Z60: =(X60-Y60)/Y60 -> -0.026445329
A62: TTL | C62: =C60+F60+I60+L60+O60+R60+U60 -> 29362515 | Y62: =X60-Y60 -> -797594
S63: =R57-S57 -> 15527

Sheet SEMANAL-2023
A1: AFLUENCIA PLAZAS | Z1: 2023
A3: FECHA | B3: SEM | C3: P2K | F3: PSP | I3: PRG | L3: PSI | O3: CBA | R3: PV | U3: PLP | X3: SUMA
C4: 2023 | D4: 2022 | E4: % DIF | F4: 2023 | G4: 2022 | H4: % DIF | I4: 2023 | J4: 2022 | K4: % DIF | L4: 2023 | M4: 2022 | N4: % DIF | O4: 2023 | P4: 2022 | Q4: % DIF | R4: 2023 | S4: 2022 | T4: % DIF | U4: 2023 | V4: 2022 | W4: % DIF | X4: 2023 | Y4: 2022 | Z4: % DIF
A6: 45144 | B6: 31 | C6: 201828 | D6: 209895 | E6: =(C6-D6)/D6 -> -0.038433502 | F6: 62636 | G6: 59268 | H6: =(F6-G6)/G6 -> 0.056826618 | I6: 85068 | J6: 82464 | K6: =(I6-J6)/J6 -> 0.031577416 | L6: 68276 | M6: 59913 | N6: =(L6-M6)/M6 -> 0.13958573 | O6: 104315 | P6: 100920 | Q6: =(O6-P6)/P6 -> 0.033640507 | R6: 41545 | U6: 49029 | V6: 37226 | W6: =(U6-V6)/V6 -> 0.31706334 | X6: =C6+F6+I6+L6+O6+R6+U6 -> 612697 | Y6: =D6+G6+J6+M6+P6+S6+V6 -> 549686 | Z6: =(X6-Y6)/Y6 -> 0.1146309
A7: 45151 | B7: 32 | C7: 196105 | D7: 190640 | E7: =(C7-D7)/D7 -> 0.028666597 | F7: 58004 | G7: 46235 | H7: =(F7-G7)/G7 -> 0.25454742 | I7: 70601 | J7: 73149 | K7: =(I7-J7)/J7 -> -0.034833012 | L7: 69880 | M7: 57891 | N7: =(L7-M7)/M7 -> 0.20709609 | O7: 105717 | P7: 103700 | Q7: =(O7-P7)/P7 -> 0.019450338 | R7: 45049 | U7: 49132 | V7: 34571 | W7: =(U7-V7)/V7 -> 0.42119117 | X7: =C7+F7+I7+L7+O7+R7+U7 -> 594488 | Y7: =D7+G7+J7+M7+P7+S7+V7 -> 506186 | Z7: =(X7-Y7)/Y7 -> 0.17444576
A8: 45157 | B8: 33 | C8: 187843 | D8: 199833 | E8: =(C8-D8)/D8 -> -0.0600001 | F8: 47257 | G8: 58992 | H8: =(F8-G8)/G8 -> -0.19892528 | I8: 62633 | J8: 81534 | K8: =(I8-J8)/J8 -> -0.2318174 | L8: 80514 | M8: 69249 | N8: =(L8-M8)/M8 -> 0.16267383 | O8: 106042 | P8: 131001 | Q8: =(O8-P8)/P8 -> -0.19052526 | R8: 42905 | U8: 45772 | V8: 35403 | W8: =(U8-V8)/V8 -> 0.29288478 | X8: =C8+F8+I8+L8+O8+R8+U8 -> 572966 | Y8: =D8+G8+J8+M8+P8+S8+V8 -> 576012 | Z8: =(X8-Y8)/Y8 -> -0.0052880843
A9: 45165 | B9: 34 | C9: 220128 | D9: 225977 | E9: =(C9-D9)/D9 -> -0.025883165 | F9: 59669 | G9: 53733 | H9: =(F9-G9)/G9 -> 0.11047215 | I9: 84853 | J9: 88644 | K9: =(I9-J9)/J9 -> -0.042766572 | L9: 84343 | M9: 71180 | N9: =(L9-M9)/M9 -> 0.18492554 | O9: 106353 | P9: 102843 | Q9: =(O9-P9)/P9 -> 0.034129693 | R9: 42196 | U9: 49565 | V9: 34186 | W9: =(U9-V9)/V9 -> 0.44986252 | X9: =C9+F9+I9+L9+O9+R9+U9 -> 647107 | Y9: =D9+G9+J9+M9+P9+S9+V9 -> 576563 | Z9: =(X9-Y9)/Y9 -> 0.12235263
A10: 45172 | B10: 35 | C10: 205260 | D10: 206808 | E10: =(C10-D10)/D10 -> -0.0074852037 | F10: 48743 | G10: 52006 | H10: =(F10-G10)/G10 -> -0.06274276 | I10: 75806 | J10: 81478 | K10: =(I10-J10)/J10 -> -0.069613884 | L10: 75990 | M10: 62289 | N10: =(L10-M10)/M10 -> 0.21995858 | O10: 102565 | P10: 103951 | Q10: =(O10-P10)/P10 -> -0.013333205 | R10: 44579 | U10: 44177 | V10: 32874 | W10: =(U10-V10)/V10 -> 0.34382795 | X10: =C10+F10+I10+L10+O10+R10+U10 -> 597120 | Y10: =D10+G10+J10+M10+P10+S10+V10 -> 539406 | Z10: =(X10-Y10)/Y10 -> 0.10699547
A11: 45179 | B11: 36 | C11: 195600 | D11: 212619 | E11: =(C11-D11)/D11 -> -0.080044587 | F11: 52133 | G11: 49975 | H11: =(F11-G11)/G11 -> 0.043181591 | I11: 76218 | J11: 78165 | K11: =(I11-J11)/J11 -> -0.024908847 | L11: 65646 | M11: 64286 | N11: =(L11-M11)/M11 -> 0.021155462 | O11: 99924 | P11: 105135 | Q11: =(O11-P11)/P11 -> -0.049564845 | R11: 45959 | S11: 41993 | T11: =(R11-S11)/S11 -> 0.094444312 | U11: 40065 | V11: 28069 | W11: =(U11-V11)/V11 -> 0.4273754 | X11: =C11+F11+I11+L11+O11+R11+U11 -> 575545 | Y11: =D11+G11+J11+M11+P11+S11+V11 -> 580242 | Z11: =(X11-Y11)/Y11 -> -0.0080948983
A12: 45186 | B12: 37 | C12: 196399 | D12: 209503 | E12: =(C12-D12)/D12 -> -0.06254803 | F12: 47970 | G12: 48187 | H12: =(F12-G12)/G12 -> -0.0045032893 | I12: 66743 | J12: 80302 | K12: =(I12-J12)/J12 -> -0.16885009 | L12: 63902 | M12: 82389 | N12: =(L12-M12)/M12 -> -0.22438675 | O12: 99056 | P12: 100466 | Q12: =(O12-P12)/P12 -> -0.014034599 | R12: 42948 | S12: 38137 | T12: =(R12-S12)/S12 -> 0.12615046 | U12: 40798 | V12: 37502 | W12: =(U12-V12)/V12 -> 0.087888646 | X12: =C12+F12+I12+L12+O12+R12+U12 -> 557816 | Y12: =D12+G12+J12+M12+P12+S12+V12 -> 596486 | Z12: =(X12-Y12)/Y12 -> -0.064829686
A13: 45193 | B13: 38 | C13: 189424 | D13: 190324 | E13: =(C13-D13)/D13 -> -0.0047287783 | F13: 47537 | G13: 49585 | H13: =(F13-G13)/G13 -> -0.041302813 | I13: 71733 | J13: 72052 | K13: =(I13-J13)/J13 -> -0.004427358 | L13: 60716 | M13: 81877 | N13: =(L13-M13)/M13 -> -0.25844865 | O13: 99254 | P13: 102332 | Q13: =(O13-P13)/P13 -> -0.030078568 | R13: 42739 | S13: 39364 | T13: =(R13-S13)/S13 -> 0.085738238 | U13: 42223 | V13: 48686 | W13: =(U13-V13)/V13 -> -0.13274863 | X13: =C13+F13+I13+L13+O13+R13+U13 -> 553626 | Y13: =D13+G13+J13+M13+P13+S13+V13 -> 584220 | Z13: =(X13-Y13)/Y13 -> -0.052367259
A14: 45200 | B14: 39 | C14: 193231 | D14: 192866 | E14: =(C14-D14)/D14 -> 0.0018925057 | F14: 48601 | G14: 48494 | H14: =(F14-G14)/G14 -> 0.0022064585 | I14: 67797 | J14: 71711 | K14: =(I14-J14)/J14 -> -0.05458019 | L14: 62503 | M14: 78220 | N14: =(L14-M14)/M14 -> -0.20093327 | O14: 101975 | P14: 103570 | Q14: =(O14-P14)/P14 -> -0.015400212 | R14: 47905 | S14: 47082 | T14: =(R14-S14)/S14 -> 0.017480141 | U14: 45708 | V14: 37068 | W14: =(U14-V14)/V14 -> 0.23308514 | X14: =C14+F14+I14+L14+O14+R14+U14 -> 567720 | Y14: =D14+G14+J14+M14+P14+S14+V14 -> 579011 | Z14: =(X14-Y14)/Y14 -> -0.019500493
A15: 45207 | B15: 40 | C15: 171120 | D15: 179749 | E15: =(C15-D15)/D15 -> -0.04800583 | F15: 44904 | G15: 47176 | H15: =(F15-G15)/G15 -> -0.048160081 | I15: 73403 | J15: 71697 | K15: =(I15-J15)/J15 -> 0.02379458 | L15: 57801 | M15: 66539 | N15: =(L15-M15)/M15 -> -0.13132148 | O15: =6622+92860 -> 99482 | P15: 102819 | Q15: =(O15-P15)/P15 -> -0.032455091 | R15: 42811 | S15: 42013 | T15: =(R15-S15)/S15 -> 0.018994121 | U15: 43109 | V15: 39892 | W15: =(U15-V15)/V15 -> 0.080642735 | X15: =C15+F15+I15+L15+O15+R15+U15 -> 532630 | Y15: =D15+G15+J15+M15+P15+S15+V15 -> 549885 | Z15: =(X15-Y15)/Y15 -> -0.031379288
A16: 45214 | B16: 41 | C16: 167418 | D16: 179442 | E16: =(C16-D16)/D16 -> -0.067007724 | F16: 47601 | G16: 46384 | H16: =(F16-G16)/G16 -> 0.026237496 | I16: 71039 | J16: 71253 | K16: =(I16-J16)/J16 -> -0.0030033823 | L16: 58586 | M16: 71628 | N16: =(L16-M16)/M16 -> -0.18207963 | O16: 102512 | P16: 107369 | Q16: =(O16-P16)/P16 -> -0.045236521 | R16: 44239 | S16: 40917 | T16: =(R16-S16)/S16 -> 0.081188748 | U16: 45189 | V16: 36358 | W16: =(U16-V16)/V16 -> 0.24289015 | X16: =C16+F16+I16+L16+O16+R16+U16 -> 536584 | Y16: =D16+G16+J16+M16+P16+S16+V16 -> 553351 | Z16: =(X16-Y16)/Y16 -> -0.03030084
A17: 45221 | B17: 42 | C17: 169056 | D17: 187524 | E17: =(C17-D17)/D17 -> -0.098483394 | F17: 52130 | G17: 48539 | H17: =(F17-G17)/G17 -> 0.073981747 | I17: 68849 | J17: 73668 | K17: =(I17-J17)/J17 -> -0.065415106 | L17: 50324 | M17: 82119 | N17: =(L17-M17)/M17 -> -0.38718202 | O17: 91338 | P17: 103813 | Q17: =(O17-P17)/P17 -> -0.12016799 | R17: 43676 | S17: 42114 | T17: =(R17-S17)/S17 -> 0.037089804 | U17: 30610 | V17: 34180 | W17: =(U17-V17)/V17 -> -0.10444705 | X17: =C17+F17+I17+L17+O17+R17+U17 -> 505983 | Y17: =D17+G17+J17+M17+P17+S17+V17 -> 571957 | Z17: =(X17-Y17)/Y17 -> -0.11534783
A18: 45228 | B18: 43 | C18: 183047 | D18: 204109 | E18: =(C18-D18)/D18 -> -0.10318996 | F18: 53232 | G18: 44798 | H18: =(F18-G18)/G18 -> 0.18826733 | I18: 80147 | J18: 79186 | K18: =(I18-J18)/J18 -> 0.012135984 | L18: 61513 | M18: 71631 | N18: =(L18-M18)/M18 -> -0.14125169 | O18: 101340 | P18: 104449 | Q18: =(O18-P18)/P18 -> -0.029765723 | R18: 47235 | S18: 38670 | T18: =(R18-S18)/S18 -> 0.22148953 | U18: 35514 | V18: 40438 | W18: =(U18-V18)/V18 -> -0.12176666 | X18: =C18+F18+I18+L18+O18+R18+U18 -> 562028 | Y18: =D18+G18+J18+M18+P18+S18+V18 -> 583281 | Z18: =(X18-Y18)/Y18 -> -0.036436983
A19: 45235 | B19: 44 | C19: 192806 | D19: 210086 | E19: =(C19-D19)/D19 -> -0.08225203 | F19: 49866 | G19: 49009 | H19: =(F19-G19)/G19 -> 0.017486584 | I19: 88212 | J19: 82133 | K19: =(I19-J19)/J19 -> 0.074014099 | L19: 66047 | M19: 72749 | N19: =(L19-M19)/M19 -> -0.092124978 | O19: 103645 | P19: 109420 | Q19: =(O19-P19)/P19 -> -0.052778286 | R19: 39701 | S19: 38799 | T19: =(R19-S19)/S19 -> 0.023248022 | U19: 36989 | V19: 48159 | W19: =(U19-V19)/V19 -> -0.23194003 | X19: =C19+F19+I19+L19+O19+R19+U19 -> 577266 | Y19: =D19+G19+J19+M19+P19+S19+V19 -> 610355 | Z19: =(X19-Y19)/Y19 -> -0.054212712
A20: 45242 | B20: 45 | C20: 173566 | D20: 183490 | E20: =(C20-D20)/D20 -> -0.054084691 | F20: 47146 | G20: 50563 | H20: =(F20-G20)/G20 -> -0.06757906 | I20: 69975 | J20: 71206 | K20: =(I20-J20)/J20 -> -0.017287869 | L20: 56485 | M20: 60173 | N20: =(L20-M20)/M20 -> -0.061289947 | O20: 104347 | P20: 109958 | Q20: =(O20-P20)/P20 -> -0.051028575 | R20: 40881 | S20: 42950 | T20: =(R20-S20)/S20 -> -0.048172293 | U20: 43793 | V20: 42149 | W20: =(U20-V20)/V20 -> 0.039004484 | X20: =C20+F20+I20+L20+O20+R20+U20 -> 536193 | Y20: =D20+G20+J20+M20+P20+S20+V20 -> 560489 | Z20: =(X20-Y20)/Y20 -> -0.043347862
A21: 45249 | B21: 46 | C21: 207892 | D21: 188326 | E21: =(C21-D21)/D21 -> 0.10389431 | F21: 50070 | G21: 53139 | H21: =(F21-G21)/G21 -> -0.057754192 | I21: 76015 | J21: 81875 | K21: =(I21-J21)/J21 -> -0.071572519 | L21: 63098 | M21: 63560 | N21: =(L21-M21)/M21 -> -0.0072687225 | O21: 119290 | P21: 126168 | Q21: =(O21-P21)/P21 -> -0.054514615 | R21: 41366 | S21: 38900 | T21: =(R21-S21)/S21 -> 0.063393316 | U21: 47919 | V21: 48753 | W21: =(U21-V21)/V21 -> -0.01710664 | X21: =C21+F21+I21+L21+O21+R21+U21 -> 605650 | Y21: =D21+G21+J21+M21+P21+S21+V21 -> 600721 | Z21: =(X21-Y21)/Y21 -> 0.0082051402
A22: 45256 | B22: 47 | C22: 222335 | D22: 200045 | E22: =(C22-D22)/D22 -> 0.11142493 | F22: 52649 | G22: 51350 | H22: =(F22-G22)/G22 -> 0.025296981 | I22: 77770 | J22: 83119 | K22: =(I22-J22)/J22 -> -0.064353517 | L22: 58896 | M22: 54350 | N22: =(L22-M22)/M22 -> 0.083643054 | O22: 115428 | P22: 125511 | Q22: =(O22-P22)/P22 -> -0.080335588 | R22: 41704 | S22: 35848 | T22: =(R22-S22)/S22 -> 0.16335639 | U22: 45107 | V22: 42714 | W22: =(U22-V22)/V22 -> 0.056023786 | X22: =C22+F22+I22+L22+O22+R22+U22 -> 613889 | Y22: =D22+G22+J22+M22+P22+S22+V22 -> 592937 | Z22: =(X22-Y22)/Y22 -> 0.035335963
A23: 45263 | B23: 48 | C23: 215847 | D23: 177725 | E23: =(C23-D23)/D23 -> 0.21449993 | F23: 47859 | G23: 47587 | H23: =(F23-G23)/G23 -> 0.0057158468 | I23: 69910 | J23: 68611 | K23: =(I23-J23)/J23 -> 0.018932824 | L23: 61990 | M23: 59889 | N23: =(L23-M23)/M23 -> 0.035081568 | O23: 119323 | P23: 120498 | Q23: =(O23-P23)/P23 -> -0.0097511992 | R23: 42658 | S23: 37159 | T23: =(R23-S23)/S23 -> 0.14798568 | U23: 48358 | V23: 43455 | W23: =(U23-V23)/V23 -> 0.11282936 | X23: =C23+F23+I23+L23+O23+R23+U23 -> 605945 | Y23: =D23+G23+J23+M23+P23+S23+V23 -> 554924 | Z23: =(X23-Y23)/Y23 -> 0.09194232
A24: 45270 | B24: 49 | C24: 249312 | D24: 194648 | E24: =(C24-D24)/D24 -> 0.28083515 | F24: 53979 | G24: 52035 | H24: =(F24-G24)/G24 -> 0.03735947 | I24: 78846 | J24: 80692 | K24: =(I24-J24)/J24 -> -0.022877113 | L24: 60969 | M24: 60334 | N24: =(L24-M24)/M24 -> 0.010524746 | O24: 132436 | P24: 136247 | Q24: =(O24-P24)/P24 -> -0.027971258 | R24: 43438 | S24: 35993 | T24: =(R24-S24)/S24 -> 0.20684578 | U24: 53953 | V24: 48090 | W24: =(U24-V24)/V24 -> 0.12191724 | X24: =C24+F24+I24+L24+O24+R24+U24 -> 672933 | Y24: =D24+G24+J24+M24+P24+S24+V24 -> 608039 | Z24: =(X24-Y24)/Y24 -> 0.10672671
A25: 45277 | B25: 50 | C25: 232435 | D25: 200231 | E25: =(C25-D25)/D25 -> 0.16083424 | F25: 58103 | G25: 67020 | H25: =(F25-G25)/G25 -> -0.13304984 | I25: 82799 | J25: 89711 | K25: =(I25-J25)/J25 -> -0.077047408 | L25: 68896 | M25: 68941 | N25: =(L25-M25)/M25 -> -0.00065273205 | O25: 148506 | P25: 155973 | Q25: =(O25-P25)/P25 -> -0.04787367 | R25: 45383 | S25: 41147 | T25: =(R25-S25)/S25 -> 0.10294797 | U25: 57556 | V25: 53099 | W25: =(U25-V25)/V25 -> 0.083937551 | X25: =C25+F25+I25+L25+O25+R25+U25 -> 693678 | Y25: =D25+G25+J25+M25+P25+S25+V25 -> 676122 | Z25: =(X25-Y25)/Y25 -> 0.025965728
A26: 45284 | B26: 51 | C26: 246598 | D26: 250341 | E26: =(C26-D26)/D26 -> -0.014951606 | F26: 70847 | G26: 76233 | H26: =(F26-G26)/G26 -> -0.070651817 | I26: 92222 | J26: 120619 | K26: =(I26-J26)/J26 -> -0.23542725 | L26: 81161 | M26: 74032 | N26: =(L26-M26)/M26 -> 0.096296196 | O26: 164275 | P26: 159125 | Q26: =(O26-P26)/P26 -> 0.032364493 | R26: 43859 | S26: 38071 | T26: =(R26-S26)/S26 -> 0.15203173 | U26: 64123 | V26: 57090 | W26: =(U26-V26)/V26 -> 0.12319145 | X26: =C26+F26+I26+L26+O26+R26+U26 -> 763085 | Y26: =D26+G26+J26+M26+P26+S26+V26 -> 775511 | Z26: =(X26-Y26)/Y26 -> -0.016022984
A27: 45291 | B27: 52 | C27: 191626 | D27: 186341 | E27: =(C27-D27)/D27 -> 0.028361982 | F27: 62324 | G27: 66513 | H27: =(F27-G27)/G27 -> -0.062980169 | I27: 82273 | J27: 84488 | K27: =(I27-J27)/J27 -> -0.026216741 | L27: 61581 | M27: 58400 | N27: =(L27-M27)/M27 -> 0.054469178 | O27: 122318 | P27: 127250 | Q27: =(O27-P27)/P27 -> -0.03875835 | R27: 38863 | S27: 38488 | T27: =(R27-S27)/S27 -> 0.0097432966 | U27: 43720 | V27: 37445 | W27: =(U27-V27)/V27 -> 0.16757912 | X27: =C27+F27+I27+L27+O27+R27+U27 -> 602705 | Y27: =D27+G27+J27+M27+P27+S27+V27 -> 598925 | Z27: =(X27-Y27)/Y27 -> 0.0063113078
A29: SUMA | C29: =SUM(C6:C27) -> 4408876 | D29: =SUM(D6:D27) -> 4380522 | F29: =SUM(F6:F27) -> 1163260 | G29: =SUM(G6:G27) -> 1166821 | I29: =SUM(I6:I27) -> 1672912 | J29: =SUM(J6:J27) -> 1767757 | L29: =SUM(L6:L27) -> 1439117 | M29: =SUM(M6:M27) -> 1491639 | O29: =SUM(O6:O27) -> 2449441 | P29: =SUM(P6:P27) -> 2542518 | R29: =SUM(R6:R27) -> 951639 | S29: =SUM(S8:S27) -> 677645 | U29: =SUM(U6:U27) -> 1002409 | V29: =SUM(V6:V27) -> 897407 | W29: =(U29-V29)/V29 -> 0.117006 | X29: =SUM(X6:X27) -> 13087654 | Y29: =SUM(Y8:Y27) -> 11868437 | Z29: =(X29-Y29)/Y29 -> 0.10272768
A31: TTL | C31: =C29+F29+I29+L29+O29+R29+U29 -> 13087654

Sheet DIA PADRE
B2: DIA DEL PADRE
C4: 26 | D4: 25 | E4: dif | F4: 24 | G4: DIF
B6: P2K | C6: 32408 | D6: 31165 | E6: =C6/D6-1 -> 0.039884486 | F6: 34521 | G6: 0.067
B7: PSP | C7: 14906 | D7: 12260 | E7: =C7/D7-1 -> 0.21582382 | F7: 12772 | G7: -0.04
B8: PRG | C8: 14486 | D8: 13421 | E8: =C8/D8-1 -> 0.079353252 | F8: 18290 | G8: -0.266
B9: PSI | C9: 9053 | D9: 9585 | E9: =C9/D9-1 -> -0.055503391 | F9: 12263 | G9: -0.218
B10: CBA | C10: 18929 | D10: 18769 | E10: =C10/D10-1 -> 0.008524695 | F10: 15652 | G10: 0.199
B11: PV | C11: 10800 | D11: 6721 | E11: =C11/D11-1 -> 0.60690373 | F11: 8398 | G11: -0.2
B12: PLP | C12: 5544 | D12: 6142 | E12: =C12/D12-1 -> -0.097362423 | F12: 7291 | G12: -0.158
B14: TTL | C14: =SUM(C6:C12) -> 106126 | D14: 103738 | E14: =C14/D14-1 -> 0.02301953 | F14: 109187 | G14: -0.05

Sheet DIA MADRES
B2: DIA DE LAS MADRES
B4: PLAZA | C4: 2026 | D4: 2025 | E4: DIF 26-25 | F4: 2024 | G4: DIF 25-24
B6: P2K | C6: 31061 | D6: 28624 | E6: =C6/D6-1 -> 0.085138345 | F6: 29996 | G6: =D6/F6-1 -> -0.045739432
B7: PSP | C7: 10940 | D7: 9709 | E7: =C7/D7-1 -> 0.12678958 | F7: 8327 | G7: =D7/F7-1 -> 0.16596613
B8: PRG | C8: 13870 | D8: 17963 | E8: =C8/D8-1 -> -0.22785726 | F8: 13981 | G8: =D8/F8-1 -> 0.28481511
B9: PSI | C9: 7898 | D9: 8910 | E9: =C9/D9-1 -> -0.11358025 | F9: 8781 | G9: =D9/F9-1 -> 0.01469081
B10: CBA | C10: 18321 | D10: 18447 | E10: =C10/D10-1 -> -0.0068303789 | F10: 15555 | G10: =D10/F10-1 -> 0.18592093
B11: PV | C11: 8486 | D11: 6160 | E11: =C11/D11-1 -> 0.3775974 | F11: 6077 | G11: =D11/F11-1 -> 0.013658055
B12: PLP | C12: 5848 | D12: 5903 | E12: =C12/D12-1 -> -0.0093172963 | F12: 5626 | G12: =D12/F12-1 -> 0.049235691
B14: SUMA | C14: =SUM(C6:C12) -> 96424 | D14: =SUM(D6:D12) -> 95716 | E14: =C14/D14-1 -> 0.0073968824 | F14: =SUM(F6:F12) -> 88343 | G14: =D14/F14-1 -> 0.083458791

Sheet DIA DEL NIÑO
B2: DIA DEL NIÑO
B4: PLAZA | C4: 2026 | D4: 2025 | E4: DIF 26 VS 25 | F4: 2024 | G4: DIF 25 VS 24
B6: P2K | C6: 32678 | D6: 26914 | E6: =C6/D6-1 -> 0.21416363 | F6: 25320 | G6: =D6/F6-1 -> 0.062954186
B7: PSP | C7: 10073 | D7: 9048 | E7: =C7/D7-1 -> 0.1132847 | F7: 7787 | G7: =D7/F7-1 -> 0.16193656
B8: PRG | C8: 10969 | D8: 12969 | E8: =C8/D8-1 -> -0.15421389 | F8: 10601 | G8: =D8/F8-1 -> 0.22337515
B9: PSI | C9: 11002 | D9: 11724 | E9: =C9/D9-1 -> -0.061583077 | F9: 10816 | G9: =D9/F9-1 -> 0.083949704
B10: CBA | C10: 19273 | D10: 22718 | E10: =C10/D10-1 -> -0.15164187 | F10: 19433 | G10: =D10/F10-1 -> 0.16904235
B11: PV | C11: 11889 | D11: 10230 | E11: =C11/D11-1 -> 0.16217009 | F11: 9254 | G11: =D11/F11-1 -> 0.10546791
B12: PLP | C12: 8549 | D12: 9414 | E12: =C12/D12-1 -> -0.091884427 | F12: 9773 | G12: =D12/F12-1 -> -0.036733859
B14: SUMA | C14: =SUM(C6:C12) -> 104433 | D14: =SUM(D6:D12) -> 103017 | E14: =C14/D14-1 -> 0.013745304 | F14: =SUM(F6:F12) -> 92984 | G14: =D14/F14-1 -> 0.10790028

Sheet BUEN FIN
A1: BUEN FIN
B3: J24 | C3: J25 | D3: % | F3: V24 | G3: V25 | H3: % | J3: S24 | K3: S25 | L3: % | N3: D24 | O3: D25 | P3: % | R3: L24 | S3: L25 | T3: % | V3: T24 | W3: T25 | X3: DIF
A5: P2K | B5: 20457 | C5: 23803 | D5: =C5/B5-1 -> 0.16356259 | F5: 29669 | G5: 32548 | H5: =G5/F5-1 -> 0.097037312 | J5: 39066 | K5: 31684 | L5: =K5/J5-1 -> -0.18896227 | N5: 42237 | O5: 42433 | P5: =O5/N5-1 -> 0.0046404811 | R5: 42038 | S5: 38580 | T5: =S5/R5-1 -> -0.082258909 | V5: =B5+F5+J5+N5+R5 -> 173467 | W5: =C5+G5+K5+O5+S5 -> 169048 | X5: =W5/V5-1 -> -0.025474586
A6: PSP | B6: 6285 | C6: 6607 | D6: =C6/B6-1 -> 0.051233095 | F6: 8075 | G6: 8694 | H6: =G6/F6-1 -> 0.076656347 | J6: 12743 | K6: 12057 | L6: =K6/J6-1 -> -0.053833477 | N6: 12202 | O6: 12064 | P6: =O6/N6-1 -> -0.011309621 | R6: 9874 | S6: 10777 | T6: =S6/R6-1 -> 0.091452299 | V6: =B6+F6+J6+N6+R6 -> 49179 | W6: =C6+G6+K6+O6+S6 -> 50199 | X6: =W6/V6-1 -> 0.02074056
A7: PRG | B7: 15331 | C7: 7972 | D7: =C7/B7-1 -> -0.48000783 | F7: 10097 | G7: 9307 | H7: =G7/F7-1 -> -0.078241062 | J7: 14616 | K7: 9509 | L7: =K7/J7-1 -> -0.3494116 | N7: 17123 | O7: 16461 | P7: =O7/N7-1 -> -0.03866145 | R7: 11900 | S7: 12315 | T7: =S7/R7-1 -> 0.03487395 | V7: =B7+F7+J7+N7+R7 -> 69067 | W7: =C7+G7+K7+O7+S7 -> 55564 | X7: =W7/V7-1 -> -0.19550581
A8: PSI | B8: 6939 | C8: 6121 | D8: =C8/B8-1 -> -0.11788442 | F8: 8842 | G8: 7518 | H8: =G8/F8-1 -> -0.14973988 | J8: 11374 | K8: 9691 | L8: =K8/J8-1 -> -0.14796905 | N8: 12037 | O8: 10891 | P8: =O8/N8-1 -> -0.095206447 | R8: 11668 | S8: 10666 | T8: =S8/R8-1 -> -0.0858759 | V8: =B8+F8+J8+N8+R8 -> 50860 | W8: =C8+G8+K8+O8+S8 -> 44887 | X8: =W8/V8-1 -> -0.11744003
A9: CBA | B9: 15525 | C9: 18372 | D9: =C9/B9-1 -> 0.18338164 | F9: 20248 | G9: 21086 | H9: =G9/F9-1 -> 0.041386804 | J9: 26092 | K9: 24270 | L9: =K9/J9-1 -> -0.069829833 | N9: 29138 | O9: 31764 | P9: =O9/N9-1 -> 0.090122864 | R9: 27412 | S9: 25838 | T9: =S9/R9-1 -> -0.057420108 | V9: =B9+F9+J9+N9+R9 -> 118415 | W9: =C9+G9+K9+O9+S9 -> 121330 | X9: =W9/V9-1 -> 0.024616814
A10: PV | B10: 6501 | C10: 6405 | D10: =C10/B10-1 -> -0.014766959 | F10: 8465 | G10: 9192 | H10: =G10/F10-1 -> 0.085883048 | J10: 8162 | K10: 8329 | L10: =K10/J10-1 -> 0.020460671 | N10: 7367 | O10: 7677 | P10: =O10/N10-1 -> 0.042079544 | R10: 8027 | S10: 7147 | T10: =S10/R10-1 -> -0.10963 | V10: =B10+F10+J10+N10+R10 -> 38522 | W10: =C10+G10+K10+O10+S10 -> 38750 | X10: =W10/V10-1 -> 0.0059186958
A11: PLP | B11: 5738 | C11: 5757 | D11: =C11/B11-1 -> 0.0033112583 | F11: 7317 | G11: 6424 | H11: =G11/F11-1 -> -0.12204455 | J11: 8938 | K11: 7800 | L11: =K11/J11-1 -> -0.12732155 | N11: 10032 | O11: 8971 | P11: =O11/N11-1 -> -0.10576156 | R11: 8249 | S11: 8089 | T11: =S11/R11-1 -> -0.01939629 | V11: =B11+F11+J11+N11+R11 -> 40274 | W11: =C11+G11+K11+O11+S11 -> 37041 | X11: =W11/V11-1 -> -0.080275115
A13: SUMA | B13: =SUM(B5:B11) -> 76776 | C13: =SUM(C5:C11) -> 75037 | D13: =C13/B13-1 -> -0.022650307 | F13: =SUM(F5:F11) -> 92713 | G13: =SUM(G5:G11) -> 94769 | H13: =G13/F13-1 -> 0.022175962 | J13: =SUM(J5:J11) -> 120991 | K13: =SUM(K5:K11) -> 103340 | L13: =K13/J13-1 -> -0.14588688 | N13: =SUM(N5:N11) -> 130136 | O13: =SUM(O5:O11) -> 130261 | P13: =O13/N13-1 -> 0.0009605336 | R13: =SUM(R5:R11) -> 119168 | S13: =SUM(S5:S11) -> 113412 | T13: =S13/R13-1 -> -0.048301557 | V13: =SUM(V5:V11) -> 539784 | W13: =SUM(W5:W11) -> 516819 | X13: =W13/V13-1 -> -0.042544796
V14: DIF | W14: =W13-V13 -> -22965
